Current St #,1908,1909,1910,1911,1912,1913,1914,1915,1916,1917,1918,1919,1920,1921,1922,1923,1924,1925,1926,1927,1928,1929,1930,1931,1932,1933,1934,1935,1936,1937,1938,1939,1940,1941,1942,1943,1944,1945,1946,1947,1948,1949,1950,1951,1952,1953,1954,1955,1956,1957,1958,1959,1960,1961,1962,1963,1964,1965,1966,1967,1968,1969,1970,1971,1972,1973,1974,1975,1976,1977,1978,1979,1980,1981,1982,1983,1984,1985,1986,1987,1988,1989,1990,1991,1992,1993,1994,1995,1996,1997,1998,1999,2000,2001,2002,2003,2004,2005,2006,2007,2008,2009,2010,2011,2012,2013,2014,2015,Year Current Building Built
167,Mrs R Nathan. Furniture Dealer,,,"John G. McGregor, Product Merchant","John G. McGregor, Product Merchant",,,Jno G McGregor. Produce Merchant,,,,,Jno G McGregor. Produce Merchant,,,,,,,,,,,,,,,,,,,,,,,,,,,,,Menzel's Moter Tyre Retreaders,,,,,,,,,,,,,,,,,,,,,,,,,,,,,,,,,Echo Company Imported Goods,,,,,,,,,,,,,,,,,,,,,,,,,,,,,,,,,,
168,"Governor Broome Hotel, P A Connolly","Governor Broome Hotel, P A Connolly",Governor Broome Hotel. Ernest Brumby,Governer Broome Hotel - Jas. Leslie Manager,Governer Broome Hotel - James Leslie Manager,Governer Broome Hotel - James Leslie Manager,,Governor Broome Hotel. James Leslie,,,,,Governor Broome Hotel. W J Davis,,,,,,,,,,"Gov. Broome Hotel (W G Davis, licensee)",,,,"Governor Broome Hotel, J A Meldrum",,,,,,,,,,,,,,,,,,,,,,,,,,,,,,,,,,,,,,,,,,,,,,,,Governor Broome Hotel,Vacant Lot,Vacant Lot,Vacant Lot,,,,,,,,,,,,,,,,,,,,,,,,,,,,,,,
169,Mrs R Nathan. Furniture Dealer,,Hy J Parker. Confectioner,"Mrs J. Grace, Confectioner","Vasele Zakomas, Confectioner",,,K. Andros. Fish Saloon,,,,,Power Bros. Plumbers,,,,,,,,,,,,,,,,,,,,,,,,,,,,,"Kalaf E, smallgoods dealer",,,,,,,,,,,,,,,,,,,,,,,,,,,,,,,,,Vastese Catering,,,,,,,,,,,,,,,,,,,,,,,,,,,,,,,,,,
,,,,,,,,,,,,,,,,,,,,,,,,,,,,,,,,,,,,,,,,,,,,,,,,,,,,,,,,,,,,,,,,,,,,,,,,,,,,,,,,,,,,,,,,,,,,,,,,,,,,,,,,,,,,,
170,"Governor Broome Hotel, P A Connolly",,Governor Broome Hotel. Ernest Brumby,,,,,,,,,,,,,,,,,,,,,,,,"Governor Broome Hotel, J A Meldrum",,,,,,,,,,,,,,,,,,,,,,,,,,,,,,,,,,,,,,,,,,,,,,,,Governor Broome Hotel,,Vacant Lot,,,,,,,,,,,,,,,,,,,,,,,,,,,,,,,,
171,"Miss M J Le Mottee, Costumiere",,"Army & Navy Stores (Arthur C Macey, manager) Grocers","Army & Navy Stores (Arthur C Macey, manager) Grocers","Army & Navy Stores (Arthur C Macey, manager) Grocers",,,Mrs M A Haworth. Fruiterer & Confectioner,,,,"Stewart & Holmes, Furniture Dealers","Stewart & Holmes, Furniture Dealers",,,,,,,,,,,,,,,,,,,,,,,,,,,,,,,,,,,,,,,,,,,,,,,,,,,,,,,,,,,,,,Belle Merzel Florist,,,,,,,,,,,,,,,,,,,,,,Exotic Body Piercing,Exotic Body Piercing,Exotic Body Piercing,Exotic Body Piercing,Exotic Body Piercing,Exotic Body Piercing,Exotic Body Piercing,Exotic Body Piercing,Exotic Body Piercing,Exotic Body Piercing,Exotic Body Piercing,Exotic Body Piercing,
172,,,,,,,,,,,,,,,,,,,,,,,,,,,,,,,,,,,,,,,,,,,,,,,,,,,,,,,,,,,,,,,,,,,,,,,,,,,Army Surplus Stores,,,,,,,,,,,,,,,,,,,,,,,,,,,,,,,,,,
173,-,,"Mrs Rubenstein, Dealer","Mrs A Rubenstein, Dealer","Samuel Goode, Clother",,,Samuel Goode. Clothier,,,,,Samuel Goode. Clothier,,,,,,,,,,,,,,,,,,,,,,,,,,,,,Oriental Grocery Store,,,,,,,,,,,,,,,,,,,,,,,,,,,,,,,,,,,,,,,,,,,,,,,,,,,,,,,Turnstyle Collectables,Turnstyle Collectables,Turnstyle Collectables,Turnstyle Collectables,Turnstyle Collectables,Turnstyle Collectables,Turnstyle Collectables,Turnstyle Collectables,Turnstyle Collectables,Turnstyle Collectables,Turnstyle Collectables,Turnstyle Collectables,
174,"Governor Broome Hotel, P A Connolly",,Governor Broome Hotel. Ernest Brumby,,,,,,,,,,,,,,,,,,,,,,,,"Governor Broome Hotel, J A Meldrum",,,,,,,,,,,,,,,,,,,,,,,,,,,,,,,,,,,,,,,,,,,,,,,,Governor Broome Hotel,,Vacant Lot,,,,,,,,,,,,,,,,,,,,,,,,,,,,,,,State Theatre Centre of WA,
175,J Loong  & Co. Greengrocers,,J Loong & co. Green Grocers,J Loong & co. Green Grocers,J Loong & co. Green Grocers,,,-,,,,,Samuel Goode. Clothier,,,,,,,,,,,,,,,,,,,,,,,,,,,,,Popular Drycleaners and Dryers,,,,,Drycleaner,,,,,,,,,,,,,,,,,,,,,,,,,,,,Anna's Coffee Lounge,,,,,,,,,,,,,,,,,,,,,,Penang Food (Restaurant),Penang Food (Restaurant),Penang Food (Restaurant),Penang Food (Restaurant),Penang Food (Restaurant),Penang Food (Restaurant),,,,,,,
176,"Hedley J Hollway, Tobacconist",Holway H.J. tobacconist,"Hedley J Hollway, Tobacconist","Hedley J Hollway, Tobacconist","Hedley J Hollway, Tobacconist (R)","Hedley J Hollway, Tobacconist (R)",,"Hedley J Hollway, Tobacconist (R)",,,,,"Hedley J Hollway, Tobacconist and Hairdresser (R,S)",,,,,,,,,,"Holway, Hedley J, tob & hdssr",,,,"Hedley J Hollway, Tobacconist",,,,,,,,,,,,,,,,,,,,,,,,,,,,,,,,,,,,,,,,,,,,,,,,,,Kim Anh Vietnamese Restaurant  (st# TBC - both sides of current STCWA offices),,,,,,,,,,,,,,,,,,,,,,,,,,,,,,,State Theatre Centre of WA,
177,Mrs L Luke. Ham & Beef Shop,,,"Mrs M. A Vila, A.N.A cafe","Mrs M. A Vila, A.N.A cafe",,,Mrs M Faulkner. A. N. A Cafe,,,,,Samuel Goode. Clothier,,,,,,,,,,,,,,,,,,,,"Lou's Hamburger Shop, restaraunt",Lous Hamburger Shop restaraunt,,,,,,,,"Clifton Hardware Co., hardware dealers",,,,,,,,,,,,,,,,,,,,,,,,,,,,,,,,,Venezia Tailors,,,,,,,,,,,,,,,,,,,,,,Penang Food (Restaurant),Penang Food (Restaurant),Penang Food (Restaurant),Penang Food (Restaurant),Penang Food (Restaurant),Penang Food (Restaurant),,,,,,,
178,Davies-Franklin Cycle Agency. Alfred Craig (manager) ,Davies-Franklin Cycle Agency. Alfred Craig (manager) ,Davies-Franklin Cycle Agency. Alfred Craig (manager) ,Davies-Franklin Cycle Agency. Alfred Craig (manager) ,Davies-Franklin Cycle Agency. Alfred Craig (manager) ,Davies-Franklin Agency Ltd. Alfred Craig (manager) ,,Davies-Franklin Agency Ltd. Alfred Craig (manager) ,,,,,Davies-Franklin Agency (J Turnbull manager),,,,,,,,,,Macedonian Home,,,,"Macedonia Home: G Stolanoff, Tobacconist",,,,,,,,,,,,,,,,,,Sorrento Restaurant,Sorrento Restaurant,Sorrento Restaurant,,,,,,,,,,,,,,,,,,,,,,,,,,,,?Avala?,,Leandris Cakes  (st# TBC),,,,,,,,,,,,,,,,,,,,,,,,,,,,,,,Maestro For Hair (?),1884
179,,,-,,,,,-,,,,,Vacant,,,,,,,,,,,,,,,,,,,,,,,,,,,,,"Meek Robert, tobacconist",,,,,Tobacconist,,,,,,,,,,,,,,,,,,,,,,,,,,,,Rainbow Kiosk,,,,,,,,,,,,,,,,,,,,,,,,Tour Information,Tour Information,Tour Information,Tour Information,,,,Bookend,Bookend,Bookend,
180,,,,,,,,,,,,,,,,,,,,,,,Macedonian Home,,,,"Macedonia Home: G Stolanoff, Tobacconist",,,,,,,,,,,,,,,,,,Sorrento Restaurant,Sorrento Restaurant,Sorrento Restaurant,,,,,,,,,,,,,,,,,,,,,,,,,,,,,,Romany Restaurant  (st# TBC),,,,,,,,,,,,,,,,,,,,,,,,,,,,,,,,1884
181,Max Bercov. Butcher,,Max Bercov. Butcher,"Max Bercov, Butcher","Max Bercov, Butcher",,,Humphreys & Maplestone. Dairy,Horseshoe Dairy,,,,Mrs P J Byrnes. Small Goods,,,,,,,,,,,,,,,,,,,,,,,,,,,,,Kun Ming Cafe restaurant,,,,,Kun-Ming Cafe,,,,,,,,,,,,,,,,,,,,,,,,,,,,Butcher,,,,,,,,,,,,,,,,,,,,,,,Just Spectacles Couture,Just Spectacles Couture,Just Spectacles Couture,Just Spectacles Couture,The Bird,The Bird,The Bird,The Bird,The Bird,The Bird,The Bird,
,,,-,,,,,,,,,,,,,,,,,,,,,,,,,,,,,,,,,,,,,,,,,,,,,,,,,,,,,,,,,,,,,,,,,,,,,,,,,,,,,,,,,,,,,,,,,,,,,,,,,,,,,,,,,,
,,,,,,,,,,,,,,,,,,,,,,,,,,,,,,,,,,,,,,,,,,,,,,,,,,,,,,,,,,,,,,,,,,,,,,,,,,,,,,,,,,,,,,,,,,,,,,,,,,,,,,,,,,,,,
182,Forster & Bowmann. Contractors & Decorators,Forster & Bowmann. Contractors & Decorators,"Massey & Red Bird Cycle Agency, Alfred Craig (manager) ","Bernard Maurice, fncy. gds","Edward Baker, Furniture Maker",Johnsons Furnishing Co. Ltd. Picture Framers,,Johnsons Furnishing Co Ltd. Furnishers,,,,,Mrs C Stephens Fruitier and Confectioner,,,,,,,,,,Vacant,,,,,,,,,,,,,,,,,,,,,,,,,,,,,,,,,,,,,,,,,,,,,,,,,,,,? La Perla Cake Shop??,,Golden Ravioli (st# TBC),,,,,,,,,,,,,,,,,,,,,,,,,,,,,,,,1898
183,"Akhurst __, Confectioner",,Alla j. Butt. Watchmaker,"Alla J. Butt, Watchmaker","Alla J. Butt, Watchmaker",,,Alla j. Butt. Watchmaker,,,,,A Krakour. Clothier,,,,,Good Samel Clothr,,"Reid Robt R, chemst & opten ","Reid Robt R, chemst & opten ","Reid Robt R, chemst & opten ","Reid Robt R, chemst & opten ","Reid Robt R, chemst & opten ","Reid Robt R, chemst & opten ","Reid Robt R, chemst & opten ",,"Reid Robt R, chemst & opten ","Reid Robt R, chemst & opten ","Reid Robt R, chemst & opten ","Reid Robt R, chemst & opten ","Reid Robt R, chemst & opten ","Reid Robt R, chemst & opten ",Vacant,,,,,,,,"Michael & Co. A, radio dealers",,Kakulas Bros,Kakulas Bros,Kakulas Bros,Kakulas Bros,Kakulas Bros,Kakulas Bros,Kakulas Bros,Kakulas Bros,Kakulas Bros,Kakulas Bros,Kakulas Bros,Kakulas Bros,Kakulas Bros,Kakulas Bros,Kakulas Bros,Kakulas Bros,Kakulas Bros,Kakulas Bros,Kakulas Bros,Kakulas Bros,Kakulas Bros,Kakulas Bros,Kakulas Bros,Kakulas Bros,Kakulas Bros,Kakulas Bros,Kakulas Bros,Kakulas Bros,Kakulas Bros,Kakulas Bros,Kakulas Bros,Kakulas Bros,Kakulas Bros,Kakulas Bros,Kakulas Bros,Kakulas Bros,Kakulas Bros,Kakulas Bros,Kakulas Bros,Kakulas Bros,Kakulas Bros,Kakulas Bros,Kakulas Bros,Kakulas Bros,Kakulas Bros,Kakulas Bros,Kakulas Bros,Kakulas Bros,Kakulas Bros,Kakulas Bros,Kakulas Bros,Kakulas Bros,Kakulas Bros,Kakulas Bros,Kakulas Bros,Kakulas Bros,Kakulas Bros,Kakulas Bros,Kakulas Bros,Kakulas Bros,Kakulas Bros,Kakulas Bros,Kakulas Bros,Kakulas Bros,Kakulas Bros,
184,George Black. Oyster Saloon,"Florias O, Oyster Saloon","Evazeles Florias, Oyster Saloon","Evazeles Florias, Oyster Saloon","Evazeles Florias, Oyster Saloon","Dennis Florias, Oyster Saloon",,Dennis Florias. Oyster Saloon,,,,,Dennis Florias. Oyster Saloon,,,,,,,,,"Florias D F, cafe","Florias D F, cafe",,,,,,,,,,,,,,,,,,,,,,,,,,,,,,,,,,,,,,,,,,,,,,,,,,,,,,"Perth Hostel,",,,,,,,,,,,,,,,,,,,,,,,,,,,,,,,,1898
185,"Goodall & Phillips, Milliners & Dressmakers",,Ballantyne & Co. Grocers,"Guildford Bee Co. Martin Pickett, Manager","Guildford Bee Co. Martin Pickett, Manager",,,Guildford Bec Co. (C. Jecks),,,,,A Krakour. Clothier,,,,,,,,,,,,,,,,,,,,,,,,,,,,,"Kakulas Bros., grocer",Kakulas Bros,Kakulas Bros,Kakulas Bros,Kakulas Bros,Kakulas Bros,Kakulas Bros,Kakulas Bros,Kakulas Bros,Kakulas Bros,Kakulas Bros,Kakulas Bros,Kakulas Bros,Kakulas Bros,Kakulas Bros,Kakulas Bros,Kakulas Bros,Kakulas Bros,Kakulas Bros,Kakulas Bros,,,,,,,,,,,,,,Kakulas Bros,,,,,,,,,,,,,,,,,,,,,,,,,,,,,,,,,,
off 185/185a,"William Young, Tailor",,"William Young, Tailor","William Young, Tailor",,,,William Young.Tailor,,,,,"S Cohen, Tailor",,,,,,,,,,,,,,,,,,,,,,,,,,,,,,,,,,,,,,,,,,,,,,,,,,,,,,,,,,,,,,,,,,,,,,,,,,,,,,,,,,,,,,,,,,,,,,,,
185b,,,,,,,,Cooper & Sellin. Painters,,,,,W H Cooper Painter,,,,,,,,,,,,,,,,,,,,,,,,,,,,,,,,,,,,,,,,,,,,,,,,,,,,,,,,,,,,,,,,,,,,,,,,,,,,,,,,,,,,,,,,,,,,,,,,
186,J Pozzi. Wine Saloon,"Pedretti Peter, Wine Saloon","Lilly Positti, Wine Saloon","Rosmanish Romeo, Wine Saloon","Rosmanish Romeo, Wine Saloon","Mrs T. Rosmanich, Wine Saloon",,Victor Tomic. Wine Saloon,,,,,Mrs E Cousins Wine Saloon,,,,,,,,,,"Tobacconist. Beckman, M L, dlr",,,,,,,,,,,,,,,,,,,,,,,,,,,,,,,,,,,,,,,,,,,,,,,,,,,,,,,,,,,,,,,,,,,,,,,,,,,,,,,,,,,,,,1934
187,Mrs A. E. Bevan,,Jas Foster. Oil &Color merchant,"Jas. Foster, Oil & Colour Merchant","William Young, Tailor
Jas. Foster, Oil &Colour Merchant",,,A Passaris. Oyster Saloon,,,,,A Passaris. Oyster Saloon,,,,,,,,,,,,,,,,,,,,,,,,,,,,,"Dimanoff Andrea V, fish monger ",,,,,,,,,,,,,,,,,,,,,,,,,,,,,,,,,The Old Saigon,,,,,,,,,,,,,,,,,,,,,,,,,,,,,,,,,,
188,Ceaser & Beel. Confers,,,Lawson Miss V. refshmt. rooms,,"M. A. Daniels, Furniture Mart",,William Hooper. Watch Makers,,,,,Walters and Struck - Hairdresser and Tobacconist,,,,,,,,,,"Thomas, R J, tobcnst",,,,,,,,,,,,,,,,,,,"Washington All Cafe The, rstnt",,,,,,,,,,,,,,,,,,,,,,,,,,,,,,,,,Romany Restaurant,,"Perth Hostel,",,,,,,,,,,,,,,,,,,,,,,,,,,,,,,,,1934
189,Harry T Dermer. Stationer,,Harry T Dermer. Stationer,"Harry T. Dermer, Stationer","Harry T. Dermer, Stationer",,,Harry T Dermer. Stationer,,,,,Harry T Dermer. Stationer,,,,,,,,,,,,,,,,,,,,,,,,,,,,,Dermer's Newsagency,,,,,,,,,,,,,,,,,,,,,,,,,,,,,,,,,Newsagency,,,,,,,,,,,,,,,,,,,,,,,,,,,,,,,,,,
189 - Shop 3,,,,,,,,,,,,,,,,,,,,,,,,,,,,,,,,,,,,,,,,,,,,,,,,,,,,,,,,,,,,,,,,,,,,,,,,,,,Boxhorn & Wilson Watchmakers,,,,,,,,,,,,,,,,,,,,,,,,,,,,,,Beans & Bunches,,,,
189 - Shop 7,,,,,,,,,,,,,,,,,,,,,,,,,,,,,,,,,,,,,,,,,,,,,,,,,,,,,,,,,,,,,,,,,,,,,,,,,,,?Regalia Craft,,,,,,,,,,,,,,,,,,,,,,,,,,,,,Gfted Flagship Store,,,,,
189,,,,,,,,,,,,,,,,,,,,,,,,,,,,,,,,,,,,,,,,,,,,,,,,,,,,,,,,,,,,,,,,,,,,,,,,,,,Stefan Spanish Casa Restaurant,,,,,,,,,,,,,,,,,,,,,,,,,,,,,,,Is Donburi,Is Donburi,Is Donburi,
189,,,,,,,,,,,,,,,,,,,,,,,,,,,,,,,,,,,,,,,,,,,,,,,,,,,,,,,,,,,,,,,,,,,,,,,,,,,Lebanese,,,,,,,,,,,,,,,,,,,,,,,,,,,,,,,,,No Mafia,
189 -1st Floor,,,,,,,,,,,,,,,,,,,,,,,,,,,,,,,,,,,,,,,,,,,,,,,,,,,,,,,,,,,,,,,,,,,,,,,,,,,Karate,,,,,,,,,,,,,,,,,,,,,,,,,,,,,,,,,,
190,,,,,"Chris Douglas, Fruiterer","Chris Douglas, Fruiterer & Confectioner",,Jno H George Fruitier and Confectioner,,,,,Jno H George Fruitier and Confectioner,,,,,,,,,,"George, Jno H, frtr & cnf",,,,,,,,,,,,,,,,,,,,,,,,,,,,,,,,,,,,,,,,,,,,,,,,,,,,,,"Perth Hostel,",,,,,,,,,,,,,,,,,,,,,,,,,,,,,,,,1934
191,Harry T Dermer. Stationer,,Harry T Dermer. Stationer,Harry T Dermer. Stationer,"L. Con, Draper",,,L. Con. Draper,,,,,Louis Boxhorn. Watchmaker,,,,,,,,,,,,,,,,,,,,,,,,,,,,,"Boxhorn A R, watchmaker and jeweller ",,,,,,,,,,,,,,,,,,,,,,,,,,,,,,,,,,,,,,,,,,,,,,,,,,,,,,,,,,,,,,,,,,,
192,Mrs M Trainor. Tobacconist,"Miss Blance Nauveau, Refreshment Rooms","Miss Blance Nauveau, Refreshment Rooms",,"William Brown, Sadler","William Brown, Sadler",,National Bank of Australasia Ltd (Colin C Walker Manager),,,,,National Bank of Australasia Ltd,,,,,,,,,,"Cohen, Saml, tailor",,,,,,,,,,,,,,,,,,,,,,,,,,,,,,,,,,,,,,,,,,,,,,,,,,,,Golden Ravioli,,"Perth Hostel,",,,,,,,,,,,,,,,,,,,,,,,,,,,,,,,,1934
193,"W J Riley, Tobacconist & Hairdresser",,"W J Riley, Tobacconist & Hairdresser","W J Riley, Tobacconist & Hairdresser","William J Riley, Tobacconist & Hairdresser",,,"William J Riley, Tobacconist & Hairdresser",,,,,"William J Riley, Tobacconist & Hairdresser",,,,,,,,,,,,,,,,,,,,,,,,,,,,,"Anastasas M, fruitier",,,,,,,,,,,,,,,,,,,,,,,,,,,,,,,,,,,,,,,,,,,,,,,,,,,,,,,,,,,,,,,,,,,
194,J Ballantyne. Grocer,"Ballantyne & Co, grocers","William John, Grocer","William John, Grocer","Arthur E. Stephenson, Furniture Dealer","Arthur E. Stephenson, Furniture Dealer",,"Lance & Co. Chemists (F. W Chegwidden, proprietor)",,,,,Vacant,,,,,"Wearne Bros Grocers 1925 notice says corner newcastle?, business changes name to Town and Country Cash Stores",,,,,Vacant,,,,,,,,,,,,,,,,,,,,,,,,,,,,,,,,,,,,,,,,,,,,,,,,,,,,,,"Perth Hostel,",,,,,,,,,,,,,,,,,,,Romany Restaurant,Romany Restaurant,Romany Restaurant,Romany Restaurant,Romany Restaurant Date TBC,,,,Govindas,Govindas,Govindas,Govindas,Govindas,"1903, 1951 (substantially renovated)"
195,Albert Weaver. Bootmaker,,Albert Weaver. Bootmaker,"Albert Weaver, Bootmaker","Albert Weaver, Bootmaker",,,Albert Weaver. Bootmaker,,,,,Weaver & Dubberlin. Bootmakers,,,,,,,,,,,,,,,,,,,,,,,,,,,,,"Franchina C, Furniture mfr",,,,,,,,,,,,,,,,,,,,,,,,,,,,,,,,,Stefan Spanish Casa Restaurant,,,,,,,,,,,,,,,,,,,,,,,,,,,,,,,Is Donburi,Is Donburi,Is Donburi,
196,J Ballantyne. Grocer,"Ballantyne & Co, grocers","William John, Grocer","William John, Grocer","Alex Teplitzky, Clother ","Alex Teplitzky, Clother ",,"Maurice J Fieldman, Dealer",,,,,"Wearne Bros, Grocers",,,,,,,,,,Vacant,,,,,,,,,,,,,,,,,,,,,,,,,,,,,,,,,,,,,,,,,,,,,,,,,,,,,,"Perth Hostel,",,,,,,,,,,,,,,,,,,,,,,,,,,,,,,,,"1903, 1951 (substantially renovated)"
197,"W Santiy, Greengrocer & Fruiterer",,-,,,Thomas Robert Loy. Baker,,Mrs Alice Loy. Tea Rooms,,,,,W J C Griggs. Draper,,,,,,,,,,,,,,,,,,,,,,,,,,,,,"Wong Sue, herbalist",,,,,,,,,,,,,,,,,,,,,,,,,,,,,,,,,,,,,,,,,,,,,,,,,,,,,,,,,,,,,,,,,,,
198,Perth Coffee Palace. F. G. Thomas (manager),"Perth Coffee Palace, F.J. Thomas, Proprietor","Perth Coffee Palace. William Jones, R","Perth Coffee Palace. William Jones, R","Perth Coffee Palace. William Jones, R","Perth Coffee Palace (Mrs L. M. Payne, Proprietress)",,Perth Hostel (Mrs A Thomas Proprietor),,,,,"Perth Hostel (E J Formeman, Manager)",,,,,,,,,,Vacant,,,,,,,,,,,,,,,,,,,,,,,,,,,,,,,,,,,,,,,,,,,,,,,,,,,,,,,,,,,,,,,,,,,,,,,,,,,,,,,,,,,,,,"1903, 1951 (substantially renovated)"
199,Mrs Alice Loy. Baker,,Mrs Alice Loy. Baker,"Mrs Alice Loy, Baker","Mrs Alice Loy, Pastry Cook",Thomas Robert Loy,,Thomas Robert Loy,,,,,Thomas. R Loy. Pastry Cook,,,,,,,,,,,,,,,,,,,,,,,,,,,,,"Marchesi A, welder",,,,,,,,,,,,,,,,,,,,,,,,,,,,,,,,,?Boutique,,,,,,,,,,,,,,,,,,,,,,,,,,,,,,,,,,
199 (off),-,,-,Busy Bee Letterbox,Busy Bee Letterbox,,,Busy Bee Letter Box,,,,,"Busy Bee Letter Box / The Perth Night Watch Patroling Co. (F M Dean Mirza, superintendent)",,,,,,,,,,,,,,,,,,,,,,,,,,,,,,,,,,,,,,,,,,,,,,,,,,,,,,,,,,,,,,,,,,,,,,,,,,,,,,,,,,,,,,,,,,,,,,,,
200,"Caird, George. Fruiterer & Confectioner","Caird, George. Fruiterer & Confectioner","Caird, George. Fruiterer & Confectioner","Mrs A. Wren, ham & beef","Anthony Picone, Confectioner","Mrs Hardy, Wine Saloon",,Mrs Hardy. Wine Saloon & Confectioner,,,,,Young Brothers Wine Saloon,,,,,,,,,,"Symonds, Edwin, sd & plant merchant",,,,,,,,,,,,,,,,,,,"Symonds Edwin, and plant mchnt",,,,,,,,,,,,,,,,,,,,,,,,,,,,,,,,,,,,,,,,,,,,,,,,,,,,,,,,,,,,,,,,,,"Sauma, Modern Indian Restaurant",1897
201,,,Mrs D Cohen. Dressmaker & Milliner,,"Sidney J. Kembrey, Leather & Grindery",,,Sydney Kaberry. Leather & Grindery,,,,,"Albert Hutchins, Bootmaker",,,,,,,,,,,,,,,,,,,,,,,,,,,,,"Georges & Christo, Mixed Businesses; Symonds Edwin, and plant mchnt",,,,,,,,,,,,,,,,,,,,,,,,,,,,,,,,,Northbridge Bargain Store,,,,,,,,,,,,,,,,,,,,,,,,,,,,,,,,,Busy Bee Pharmacy,1894
202,"David Rosen, pawnbroker","Rosen David, pawnbroker",Phillip Rosen Pawn Broker,"David Rosen, Pawn Broker","David Rosen, Pawn Broker","David Rosen, Pawn Broker",,"David Rosen, pawnbroker",,,,,Phillip Rosen Pawn Broker,,,,,,,,,,"Symonds, Edwin, sd & plant merchant",,,,,,,,,,,,,,,,,,,"Symonds Edwin, and plant mchnt",,,,,,,,,,,,,,,,,,,,,,,,,,,,,,,,,Precision Photographic,,,,,,,,,,,,,,,,,,,,,,,,,,,,,,,,,Busy Bee Pharmacy,1897
203,,,-,"Vasla Zako, Fish Saloon","Vasla Zako, Fish Saloon",,,S Lucas. Fish Shop,,,,,S Lucas. Fish Shop,,,,,,,,,,,,,,,,,,,,,,,,,,,,,"Medd K L, Chemist",,,,,,,,,,,,,,,,,,,,,,,,,,,,,,,,Medd's Pharmacy,Medd's Pharmacy,,,,,,,,,,,,,,,,,,,,,,,,,,,,,,,,,Busy Bee Pharmacy,1894
204,Jno. N Birks. Chemist.,Griffiths W.A. chemist,,,,"E. Baker, Furniture Maker",,"Mary A Daniels, Furniture Dealer; William Daniels, Carrier",,,,,"Mary A Daniels Furniture Dealer; Jas Wilson; William Daniels, Carrier",,,,,,,,,,"Menara, V, cafe",,,,,,,,,,,,,,,,,,,,,,,,,,,,,,,,,,,,,,,,,,,,,,,,,,,,Franco's Coffee Bar,,,,,,,,,,,,,,,,,,,,,,,,,,,,,,,,,Busy Bee Pharmacy,1897
205,"Joe Johnson, Fishmonger",,W Grittiths Almond. Chemist,"William Flint, Tobacconist","William Flint, Tobacconist",,,William Flint. Tobacconist & Hairdresser,,,,,William Flint. Tobacconist & Hairdresser,,,,,,,,,,,,,,,,,,,,,,,,,,,,,"Scotis N, hairdresser and tobacconist",,,,,,,,,,,,,,,,,,,,,,,,,,,,,,,,La Spina & Kotula Estate Agents,La Spina & Kotula Estate Agents,,,,,,,,,,,,,,,,,,,,,,,,,,,,,,,,,Busy Bee Pharmacy,1894
205(upstairs),,,,,,,,,,,,,,,,,,,,,,,,,,,,,,,,,,,,,,,,,,,,,,,,,,,,,,,,,,,,,,,,,,,,,,,,,,,,,,,,,,,,,,,,,,,,,,,,,,,,,,,,,,,,,
206,Angelo Kouvaras. Fruiterer & Confectioner,,Ernest J Foreman. Restaurant,Ernest J Foreman. Restaurant,"Ernest J Foreman, Restaurant","Ernest J Foreman, Restaurant",,Ernest J Foreman. Restaurant,,,,,Union Cafe (Mrs D Carter),,,,,,,,,,Bank of NSW,,,,,,,,,,,,,,,,,,,Bank of NSW,,,,,,,,,,,,,,,,,,,,,,,,,,,,,,,,,Bank of NSW,,,,,,,,,,,,,,,,,,,,,,,,,,,,,,,,,,1911
207,-,,Hing Wing & Co. Fruiterers,"Hing, Wing & Co. Fruiterers","Hing, Wing & Co. Fruiterers",,,Hing Wing & Co. Fruiterers,,,,,Hing Wing & Co. Fruiterers & Greengrocers,,,,,,,,,,,,,,,,,,,,,,,,,,,,,"Dean Abdul M, Herbalist",,,,,,,,,,,,,,,,,,,,,,,,,,,,,,,,,,,,,,,,,,,,,,,,,,,,,,,,,,,,,,,,,,,1894
208,"L Shuhen, Herbalist","Lewis, Mrs Ethel",,"Mrs E. J. Cooper, Costumiere","Edward Cooper
Mrs E. J. Cooper, Costumiere","Mrs N. Phillips, Dressmaker",,"Mrs L(ouisa?) Thorburn, Lodging house",,,,,Mrs L Stephens,,,,,,,,,,"Mistrorigo & Lankester, chemist",,,,,,,,,,,,,,,,,,,,,,,,,,,,,,,,,,,,,,,,,,,,,,,,,,,Merizzi Travel Agency,Merizzi Travel Agency,Merizzi Travel Agency,Merizzi Travel Agency,Merizzi Travel Agency,Merizzi Travel Agency,Merizzi Travel Agency,Merizzi Travel Agency,Merizzi Travel Agency,Merizzi Travel Agency,Merizzi Travel Agency,Merizzi Travel Agency,Merizzi Travel Agency,Merizzi Travel Agency,Merizzi Travel Agency,Merizzi Travel Agency,Merizzi Travel Agency,Merizzi Travel Agency,Merizzi Travel Agency,Merizzi Travel Agency,Merizzi Travel Agency,Merizzi Travel Agency,Merizzi Travel Agency,Merizzi Travel Agency,Merizzi Travel Agency,Merizzi Travel Agency,Merizzi Travel Service WA,,,,,,,,,1923
209,Great Western Hotel. E. B Porter,,Great Western Hotel.  Ethelbert B Porter,"Great Western Hotel, Ethelbert B Porter","Great Western Hotel, John Quigley",,,Great Western Hotel.  George A Kentish,,,,,Great Western Hotel.  F R Chalk.,,,,,,,,,,,,,,,,,,,,,,,,,,,,,Great Western Hotel,,,,,,,,,,,,,,,,,,,,,,,,,,,,,,,,,,Great Western Hotel,,,,,,The Brass Monkey Hotel,,,,,,,,,,,,,,,,,,,,,,,,,,Brass Monkey Hotel,1896
209a,,,,,,,,,,,,,,,,,,,,,,,,,,,,,,,,,,,,,,,,,,,,,,,,,,,,,,,,,,,,,,,,,,,,,,,,,,,,Northbridge Dining Bazaar,,,,,,,,,,,,,,,,,,,,,,,,,,,,,,,,Grapeskin Bottle Shop,
210,Alfred E Apps,Ramsden Mrs Elizabeth,Fredrick Southern,Fredrick Southern,William Bryant,"Mrs E. Clifford, Boarding House",,Miss M Mckinley. Boarding house,,,,,"Mrs Mary Wilson, Boarding house",,,,,,,,,,"Downs, Mrs A D, tea rooms",,,,,,,,,,,,,,,,,,,,,,,,,,,,,,,,,,,,,,,,,,,,,,,,,,,Merizzi Travel Agency,Merizzi Travel Agency,,,,,,,,,,,,,,,,,,,,,,,,,,,,,,,,,,1923
210a,,"Ryder Jas, engraver",,,,,,,,,,,,,,,,,,,,,,,,,,,,,,,,,,,,,,,,,,,,,,,,,,,,,,,,,,,,,,,,,,,,,,,,Merizzi Travel Agency,Merizzi Travel Agency,,,,,,,,,,,,,,,,,,,,,,,,,,,,,,,,,,
211,-,,,,,,,,,,,,,,,,,,,,,,,,,,,,,,,,,,,,,,,,,,,,,,,,,,,,,,,,,,,,,,,,,,,,,,,,,,,,,,,,,,,,,,,,,,,,,,,,,,,,,,,,,,,,
212,-,,,,,,,,,,,,,,,,,,,,,,Genl Embroidery Wks,,,,,,,,,,,,,,,,,,,,,,,,,,,,,,,,,,,,,,,,,,,,,,,,,,,,Venezia Tailors,"Arcane Bookshop, Terri-Ann White","Arcane Bookshop, Terri-Ann White","Arcane Bookshop, Terri-Ann White","Arcane Bookshop, Terri-Ann White","Arcane Bookshop, Terri-Ann White","Arcane Bookshop, Terri-Ann White","Arcane Bookshop, Terri-Ann White","Arcane Bookshop, Terri-Ann White","Arcane Bookshop, Terri-Ann White","Arcane Bookshop, Terri-Ann White","Arcane Bookshop, Terri-Ann White","Arcane Bookshop, Terri-Ann White","Arcane Bookshop, Terri-Ann White","Arcane Bookshop, Terri-Ann White","Arcane Bookshop, Terri-Ann White","Arcane Bookshop, Terri-Ann White","Arcane Bookshop, Terri-Ann White","Arcane Bookshop, Terri-Ann White","Arcane Bookshop, Terri-Ann White","Arcane Bookshop, Terri-Ann White","Arcane Bookshop, Terri-Ann White","Arcane Bookshop, Terri-Ann White","Arcane Bookshop, Terri-Ann White",,,Vacant,Vacant,Vacant,"New Edition, Book Store/Cafe","New Edition, Book Store/Cafe","New Edition, Book Store/Cafe",Northside Books (formerly New Edition),Northside Books (formerly New Edition),1923
213,-,,,,,,,,,,,,,,,,,,,,,,,,,,,,,,,,,,,,,,,,,,,,,,,,,,,,,,,,,,,,,,,,,,,,,,,,,,,,,,,,,,,,,,,,,,,,,,,,,,,,,,,,,,,,
214,Mrs E Johnstone,Johnstone Mrs E,,Mrs. E Johnstone,Mrs. E Johnstone,"John Vaughn, Boarding House",,"Edwin J White, Lodging House",,,Jonathan Quinlan,,Mrs C Penny. Lodging house,,,,,,,,,,"Nationa Bank of Australasia Pty Ltd (W Choyce, mgr)",,,,"Nationa Bank of Australasia Pty Ltd (W Choyce, mgr)",,,,,,,,,,,,,,,,,,,,,,,,,,,,,,,,,,,,,,,,,,,,,,,,National Bank of Australia,,,,,,,,,,,,,,,,,,,,,,Vacant,Vacant,Vacant,Vacant,Vacant,Vacant,Vacant,Vacant,Vacant,Vacant,Vacant,,1921
215,D. H Lillingston. Watchmaker & Jeweller,,D. H Lillingston. Watchmaker & Jeweller,D. H Lillingston. Watchmaker & Jeweller,"Daniel H. Lillingston, Watchmaker & Jeweller",,,Daniel H Lillingston. Watchmaker & Jeweller,,,,,"E E Jones, Hairdresser & Tobacconist",,,,,,,,,,,,,,,,,,,,,,,,,,,,,"Luisini E, Clothier",,,,,,,,,,,,,,,,,,,,,,,,,,,,,,,,,,,,,,,,,,,,,,,,,,,,,,,,,,,,,,,,,,,
216,,,,,,,,,,,,,,,,,,,,,,,,,,,,,,,,,,,,,,,,,,,,,,,,,,,,,,,,,,,,,,,,,,,,,,,,,,,,,,,,,,,,,,,,,,,,,,,,,,,,,,,,,,,,,
217,A. Picone. Fruiterer,,A. Picone. Fruiterer,A. Picone. Fruiterer,"T. Lewis Keegan, Fruiterer",,,Peter Wood. Fruiterer & Confectioner,,,,,Sydney Young. Wine Saloon,,,,,,,,,,,,,,,,,,,,,,,,,,,,,"Luisini E, Clothier",,,,,,,,,,,,,,,,,,,,,,,,,,,,,,,,,,,,,,,,,,,,,,,,,,,,,,,,,,,,,,,,,,,
218,William Kenney,Barkle Mrs Lydia,Mrs E Johnstone,"Mrs E. James, Music Teacher",Joseph Gould,Joseph Gould,,Miss A Moran. Lodging house,,,,,Mrs M Quinn. Lodging House,,,,,,,,,,"Kelly, Mrs E, dng rms",,,,,,,,,,,,,,,,,,,,,,,,S. Forte & Co,S. Forte & Co,S. Forte & Co,S. Forte & Co,S. Forte & Co,S. Forte & Co,S. Forte & Co,S. Forte & Co,S. Forte & Co,S. Forte & Co,S. Forte & Co,S. Forte & Co,S. Forte & Co,S. Forte & Co,S. Forte & Co,S. Forte & Co,S. Forte & Co,S. Forte & Co,S. Forte & Co,S. Forte & Co,S. Forte & Co,S. Forte & Co,S. Forte & Co,S. Forte & Co,S. Forte & Co,S. Forte & Co,S. Forte & Co,S. Forte & Co,S. Forte & Co,,,,,,,,,,,,,,,,,,,,,,,,,,,,,,,,,,1923
219,Power Bros. Plumbers &c,,Power Bros. Plumbers &c,Power Bros. Plumbers & c,Power Bros. Plumbers & c,,,Power Bros. Plumbers &c,,,,,Albany Bell Ltd. Confectioners,,,,,,,,,,,,,,,,,,,,,,,,,,,,,"Luisini E, Clothier",,,,,,,,,,,,,,,,,,,,,,,,,,,,,,,,,,,,,,,,,,,,,,,,,,,,,,,,,,,,,,,,,,,
220,,,,,,,,,,,,,,,,,,,,,,,"Rosen Dave, pawn broker",,,,,,,,,,,,,,,,,,,"Beckman B, dealer",,,,,,,,,,,,,,,,,,,,,,,,,,,,,,,,,?Tailor,,,,,,,,,,,,,,,,,,,,,,,,,,,,,,,,,Merge Clothing,1923
221,"Joseph Garcia, Hairdresser",,Edward Hubble. Ham & Beef Shop,"Mrs A. Rickard, Dressmaker","Mrs A. Rickard, Dressmaker",,,"Jos Rickard, Broker; Mrs A Rickard, Dressmaker",,,,,"Mrs A Rickard, Dressmaker",,,,,,,,,,,,,,,,,,,,,,,,,,,,,"Luisini E, Wine Saloon",,,,,Covent Garden Wine Saloon,,,,,,,,,,,,,,,,,,,,,,,,,,,,,Sicari Stationary,,,,,,,,,,,,,,,,,,Universal Bar,Universal Bar,Universal Bar,Universal Bar,Universal Bar,Universal Bar,Universal Bar,Universal Bar,Universal Bar,Universal Bar,Universal Bar,Universal Bar,Universal Bar,Universal Bar,Universal Bar,
222b,,,"W. S. Goon & Co, banana importers",,,,,,,,,,,,,,,,,,,,"Radin, A, conf",,,,,,,,,,,,,,,,,,,,,,,,,,,,,,,,,,,,,,,,,,,,,,,,,,,,,,,,,,,,,,,,,,,,,,,,,,,,,,,,,,,,,,1924
222,,,,,,,,,,,,,,,,,,,,,,,"Wachman & Sons, drprs",,,,,,,,,,,,,,,,,,,,,,,,,,,,,,,,,,,,,,,,,,,,,,,,,,,,?Travel Service,,,,,,,,,,,,,,,,,,,,,,,,,,,,,,,,,,1924
222a,,,,,,,,,,,,,,,,,,,,,,,,,,,,,,,,,,,,,,,,,,,,,,,,,,,,,,,,,,,,,,,,,,,,,,,,,,,,,,,,,,,,,,,,,,,,,,,,,,,,,,,,,,,,,1924
223,George H Adkins. Ironmonger,,George H Adkins. Ironmonger,George H Adkins. Ironmonger,"William Johns, Grocer",,,Harry C George. Frocer,,,,,"Mrs Matthews, Dealer",,,,,,,,,,,,,,,,,,,,,,,,,,,,,George's Tailoring Co. ,George's Tailoring Co. ,George's Tailoring Co. ,George's Tailoring Co. ,George's Tailoring Co. ,George's Tailoring Company,,,,,,,,,,,,,,,,,,,,,,,,,,,,,Silver Dollar Wine House & Restaurant,,,,,,,,,,,,,,,,,,,,,,,,,,,,,,,,Lucky 7 Star Convenience Store,
224,Jno McCann,Whittaker Mrs Sarah,,Mrs Rose McDonough,Mrs Rose McDonough,Mrs Rose McDonough,,"Mrs J Slater, Boarding house",,,,,Mrs T Rosmanich. Lodging House,,,,,,,,,,Rechabites Hall,,,,,,,,,,,,,,,,,,,,,,,M. Kamenoff Ladies & Gents tailor,,,,,,,,,,,,,,,,,,,,,,,,,,,Mayfair Photographics (maybe),,,,Gino's Photographic Studio,,,Giotto Arts Studio,Giotto Arts Studio,Giotto Arts Studio,Giotto Arts Studio,,,,,,,,,,,,,,,,,,,,,,,,,,1924
225,George H Adkins. Ironmonger,,George H Adkins. Ironmonger,George H Adkins. Ironmonger,"William Johns, Grocer",,,Mrs E L Ethell. Lodging house,,,,,,,,,,,,,,,,,,,,,,,,,,,,,,,,,,"Krasnostein J, Hardware Dealer",,,,,"Paul Silvestri, 225A William Street",,,,,,,,,,,,,,,,,,,,,,,,,,,,,ANZ Bank,,,,,,,,,,,,,,,,,,,,,,,,,,,,,,,,Peterpans Adventure Travel,
,,,,,,,,,,,,,,,,,,,,,,,,,,,,,,,,,,,,,,,,,,,,,,,,,,,,,,,,,,,,,,,,,,,,,,,,,,,,,,,,,,,,,,,,,,,,,,,,,,,,,,,,,,,,,
226,,,,,,,,,,,,,,,,,,,,,,,Vacant,,,,,,,,,,,,,,,,,,,,,,,,,,,,,,,,,,,,,,,,,,,,,,,,,,,,,,,,,,,,,,,,,,,,,,,,,,,,,,,,,,,,,,
227,William Beaumont. Butcher,,William Beaumont. Butcher,"William N Beaumont, Butcher","William N. G. Beaumont, Butcher",,,Walter C Alldis. Butcher,,,,,"Owen Trevett, Butcher",,,,,,,,,,,,,,,,,,,,,,,,,,,,,"Pethick Leonard, Butcher","Pethick Leonard, Butcher","Pethick Leonard, Butcher","Pethick Leonard, Butcher","Pethick Leonard, Butcher","Pethick Leonard, Butcher",,,,,,,,,,,,,,,,,,,,,,,,,,,,,,,,,,,,,,,,,,,,,,,,,,,,,,,,,,,,,Northbridge Newsagency,
228,,,,,,,,,,,,,,,,,,,,,,,,,,,,,,,,,,,,,,,,,,,,,,,,,,,,,,,,,,,,,,,,,,,,,,,,,,,,,,,,,,,,,,,,,,,,,,,,,,,,,,,,,,,,,
229,Edward Moss. Phrenologist,,Thos White,Thomas White,Thomas White,,,"Thos White, Lodging house",,,,,Mrs Martha Hall,,,,,,,,,,,,,,,,,,,,,,,,,,,,,"Clonzas G, Grocer",,,,,,,,,,,,,,,,,,,,,,,,,,,,,,,,,,,,,,,,,,,,,,,,,,,,,,,,,,,,,,,,,,OnC Hair Studio,
230,-,,,,,,,,,,,,,,,,,,,,,,Famous Lasky Film Service Ltd (reg ofce),,,,,,,,,,,,,,,"Paramount Film Service, Pty Ltd, film exchange","Paramount Film Service, Pty Ltd, film exchange","Paramount Film Service, Pty Ltd, film exchange","Paramount Film Service, Pty Ltd, film exchange","Paramount Film Service, Pty Ltd, film exchange","Paramount Film Service, Pty Ltd, film exchange","Paramount Film Service, Pty Ltd, film exchange","Paramount Film Service, Pty Ltd, film exchange","Paramount Film Service, Pty Ltd, film exchange","Paramount Film Service, Pty Ltd, film exchange",,,,,,,,,,,,,,,,,,,,,,,,,,,,,River Cruise Supper Club,River Cruise Supper Club,,,,,,,,,,,,,,,,,,,,,,,,,,,,,,,Xotica,c. 1925; second storey 1995
231,Jas. H Barkle,,Edward J Villa,Mrs Margaret McCradden,Miss Margaret McCradden,,,Miss M McCradden. Lodging House,,,,,Miss M McCradden. Lodging House,,,,,,,,,,,,,,,,,,,,,,,,,,,,,"Galvin and Co. R, Plumbers supplies; Rear: Premier Engineering Co., brassfounders","Galvin and Co. R, Plumbers supplies; Rear: Premier Engineering Co., brassfounders","Galvin and Co. R, Plumbers supplies; Rear: Premier Engineering Co., brassfounders","Galvin and Co. R, Plumbers supplies; Rear: Premier Engineering Co., brassfounders","Galvin and Co. R, Plumbers supplies; Rear: Premier Engineering Co., brassfounders","Galvin and Co. R, Plumbers supplies; Rear: Premier Engineering Co., brassfounders",,,,,,,,,,,,,,,,,,,,,,,,,,,,,,,,,,,,,,,,,,,,,,,,,,,,,,,,,,,,,,
232,Kee Chong. Laundry,,,"W. S. Goon & Co. Banana Importers
Miss Ochima, Confectioner",W. S. Goon & Co. Banana Importers,"J. G. W Vernon, Small Goods",,J G W Vernon. Smallgoods,,,,,S Lazell Herbalist,,,,,,,,,,"Marzo, Alfred, tlr",,,,,,,,,,,,,,,,,,,,,,,,,,,,,,,,,,,,,,,,,,,,,,,,,,,,,,,,,,,,,,,,,,,,,,,,,,,,,,,,,,,,,,
233,Robert Raftis,,Edward J Laugham,Mrs Cath McKrenner,Mrs Cath McKrenner,,,Patrick J Kiernan. Lodging House,,,,,Mrs Ethel Jones,,,,,,,,,,,,,,,,,,,,,,,,,,,,,,,,,,,,,,,,,,,,,,,,,,,,,,,,,,,,,,,,,,,,,,,,,,,,,,,,,,,,,,,,,,,,,,,,
234,Theodesia Dyson. Furniture Dealer,"Dyson Theodosia, furniture dealer",Theo Dyson. Furniture Dealer,,"Mrs R Nathan, Furniture Dealer","J. Isicman, Picture Framer
I. Mossenson, Watch Maker",,"Jacob Jacobs; I Mossenson, Watchmaker",,,,,I Mossensen Watchmaker,,,,,,,,,,"Milevich, Matt, ldghouse",,,,,,,,,,,,,,,,,,,,,,,,,,,,,,,,,,,,,,,,,,,,,,,,,,,,,The Aurora Nightclub,The Aurora Nightclub,,,,,,,,,,,,,,,,,,,,,,,Club 234,,,,,,,,,1897
235,Heinrich Schmidt. Lock & Gunsmith,,Heinrich Schmidt. Lock & Gunsmith,"Heinrich Schmidt, Lock & Gunsmith","Heinrich Schmidt, Lock & Gunsmith",,,Heinrich Schmidt senior. Lock & Gunsmith,,,,,Heinrich Schmidt senior. Lock & Gunsmith,,,,,,,,,,,,,,,,,,,,,,,,,,,,,,,,,,,,,,,,,,,,,,,,,,,,,,,,,,,,,,,Northline Coffee Shop,,,,,,,,,,,,,,,,,,,,,,,,,,,,,,,,,
236,Theodesia Dyson. Furniture Dealer,"Dyson Theodosia, furniture dealer",,,,"Mrs E. McDonald, Confectioner & Fruiterer",,Jno J Stewart. Confectioner & Fruiterer,,,,,Mrs B H Curtis. Confectioner,,,,,,,,,,"Wrightson, E, hairdresser",,,,,,,,,,,,,,,,,,,New Zealand dining restaraunt,,,,,,,,,,,,,,,,,,,,,,,,,,,,,,,,,,Notturno Cafe,Notturno Cafe,,,,,,,,,,,,,,,,,,,,,,,Backpackers World Travel,,,,,,,,,1897
237,Arthur G Marflett. Land Agent,,Arthur G Marflett. Land Agent,"Arthur G Marflett, Land Agent","Arthur G Marflett, Land Agent
William Sherwood, Fruiterer",,,A J Cambridge & Co. Estate Agents,,,,,A J Cambridge & Co. Estate Agents,,,,,,,,,,,,,,,,,,,,,,,,,,,,,"Papas Nick, Tailors",,,,,,,,,,,,,,,,,,,,,,,,,,,,,,,,,,Northbridge News,,,,,,,,,,,,,,,,,,,,,,,,,,,,,,,,,
238,Onnie __ Confectioner,"Onnie -, confe",Onnie __ Confectioner,,"Miss Ochima, Confectioner","Miss Ochima, Confectioner",,William Brown Saddler,,,,,William Brown Saddler,,,,,,,"MAX SIMONS, elastic
goods manufacturer.",,,"Lee, Mrs Annie, dng rms",,,,,,,,,Marchesi,,,,,,,,,,,,,,,Marchesi,,,,,,,,,,,,,,,,,,,,,,,,,,,,,,,,,,,,,,,,,,,,,,,,,,,,,,,,,,,,,,1897
239,"Miss J McKinnon, Stationer",,"Miss J McKinnon, Stationer","Miss K. Daven, Stationer","Miss K. Daven, Stationer",,,Miss K F Davern. Stationer,,,,,Mrs E Griffiths. Stationer,,,,,,,,,,,,,,,,,,,,,,,,,,,,,"Hassett Richard J, Newsagent",,,,,,,,,,,,,,,,,,,,,,,,,,,,,,,,,,,,,,,,,,,,,,,,,,,,,,,,,,,,,,,,,,,
240,"Lee Hang, Laundry","Hang Lee, Laundry","Lee Hang, Laundry","Lee Hang, Laundry","Lee Hang, Laundry","Lee Hang, Laundry",,"Lee Hang, Laundry",,,,,Lee Hang Laundry,,,,,,,,,,"Hang Lee, lndry",,,,,,,,,,,,,,,,,,,,,,,,Marchesi,,,,,,,,,,,,,,,,,,,,,,,,,,,,,Marchesi Menswear,Marchesi Menswear,,,,,,,,,,,,,,,,,,,,,,,,,,,,,,,,1897
241,Mrs Annie Richards. Dressmaker,,Mrs Annie Richards. Dressmaker,"Jesse Verrier, Bootmaker","William H. Jeffries, Bootmaker",,,Harry. G. Campbell. Cycle Depot,,,,,Harry. G. Campbell. Cycle Depot,,,,,,,,,,,,,,,,,,,,,,,,,,,,,WA Drycleaners,,,,,,,,,,,,,,,,,,,,,,,,,,,,,,,,,,Danny's Shoe Store,,,,,,,,,,,,,,,,,,,,,,,,,,,,,,,,U &I 24 hr pho,
242 Ground,A Lucien Mosconas. Fruiterer,Bensky Jos. Carpenter & Joiner,Jos Bensky Carpenter,Jos Bensky Carpenter,"Joseph Bensky, Furniture Manufacturer","Joseph Bensky, Furniture Manufacturer",,Jos Bensky Furniture Manufacturer,,,,,Jos Bensky Furniture Manufacturer,,,,,,,,,,Macedonian & Jugo-Slav Home,,,,,,,,,,,,,,,,,,,,,,,,,,,,,,,,,,,,,,,,,,,,,,,,,,,,,Lovecraft Adult Store,Echo Travel Service,,,,,,,,,,,,,,,,,,,,,,,,,,,Wild Lily Empire,Wild Lily Empire / Ruck Rover General Store (from August 2012),Ruck Rover General Store,Ruck Rover General Store,Ruck Rover General Store,1905
242 First Floor,,,,,,,,,,,,,,,,,,,,,,,,,,,,,,,,,,,,,,,,,,,,,,,,,,,,,,,,,,,,,,,,,,,,,,,,,,,,,,,,,,,,,,,,,,,,,,,,,,,,,,,,,Oh Henry Vintage,Yoga Alchemy (mid year),Yoga Alchemy,Yoga Alchemy,
243,"Swan Drug Co. (Fred. W E Danker, manager)",,"Swan Drug Co. (Fred. W E Danker, manager)","Swan Drug Co. (Fred W. E .Danker, Manager)","Swan Drug Co. (Fred W. E .Danker, Manager)",,,"Swan Drug Co. (Fred. W E Danker, manager)",,,,,"Swan Drug Co. (Fred. W E Danker, manager)",,,,,,,,,,,,,,,,,,,,,,,,,,,,,"Athanasou M D, Fruitier",,,,,,,,,,,,,,,,,,,,,,,,,,,,,,,,,,,,,,,,,,,,,,,,,,,,,,,,,,,,,,,,,,,
244,,,,,,,,,,,,,,,,,,,,,,,,,,,,,,,,,,,,,,,,,,,,,,,,,,,,,,,,,,,,,,,,,,,,,,,,,,,,,,,,,,,,,,,,,,,,,,,,,,,,Marchesi Menswear,,,,,,,,,
245,Harold Martin. Music Warehouse & Piano Tuner,,Harold Martin. Music Warehouse & Piano Tuner,"Harold Martin, Music Warehouse & Piano Tuner","Harold Martin, Music Warehouse & Piano Tuner",,,Harold Martin. Music Warehouse & Piano Tuner,,,,,Jno. Mallard. Grocerer  & Fruiterer,,,,,,,David Wells Cash Grocer,,,,,,,,,,,,,,,,,,,,,,"Enright Mrs A, Wine Saloon",,,,,,,,,,,,,,,,,,,,,,,,,,,,,,,,,,,Casa Latina Restaurant,,,,,,,,,,,,,,,,,,,,,,,,,Han's Cafe,Han's Cafe,Han's Cafe,Han's Cafe,Han's Cafe,Han's Cafe,Han's Cafe,1897
246,Jas Billings,McCormack Mrs M,Mrs M McCormack,John Freeman,John Freeman,Herbert Alver,,"Mrs M Cunningham, Lodging house",,,,,Miss I Wiggins Dressmaker,,,,,,,,,,"Thomas Mrs E A, dlr and dyer",,,,,,,,,,,,,,,,,,,City Electric Co. elec contractors,,,,,,,,,,,,,,,,,,,,,,,,,,,,,,,,,,Westpac Banking Corp,vacant,,,,,,,,,,,,,,,,,,,,,,,Vacant,,,,,,,,,1914-1925
247,Gleeson Jno. Hairdresser & Tobacconist,,Gleeson Jno. Hairdresser & Tobacconist,"John Gleeson, Hairdresser & Tobacconist","John Gleeson, Hairdresser & Tobacconist",,,Gleeson Jno. Hairdresser & Tobacconist,,,,,Gleeson Jno. Hairdresser & Tobacconist,,,,,,,,,,,,,,,,,,,,,,,,,,,,,"Britannia Bootmakers, Boot Repairers",,,,,,,,,,,,,,,,,,,,,,,,,,,,,,,,,,,,,,,,,,,,,,,,,,,,,,,,,,,,,,,,,,-,1897
248,,,-,,,,,,,,,,,,,,,,,,,,"Thomas Mrs E A, dining rooms",,,,,,,,,,,,,,,,,,,"Rosenberg Marcus, second hand dealer",,,,,,,,,,,,,,,,,,,,,,,,,,,,,,,,,,,,,,,,,,,,,,,,,,,,,,,,,,,,,,,,,,,
249,-,,Francis P Barrett. Ham & Beef shop,Francis P Barrett. Ham & Beef shop,"Mrs M. Heads, Small Goods",,,Francis P Barrett. Smallgoods,,,,,Miss A Purcell. Small goods,,,,,,,,,,,,,,,,,,,,,,,,,,,,,"Tompkin A A, Refreshment Rooms",,,,,,,,,,,,,,,,,,,,,,,,,,,,,,,,,,,,,,,,,,,,,,,,,,,,,,,,,,,,,,,,,,-,1897
250,,,-,,,,,,,,,,,,,,,,,,,,"Salter, R, estate agent",,,,,,,,,,,,,,,,,,,,,,,,,,,,,,,,,,,,,,,,,,,,,,,,,,,,,,,,,,,,,,,,,,,,,,,,,,,,,,,,,,,,,,
251,,,,,,,,,,,,,,,,,,,,,,,,,,,,,,,,,,,,,,,,,,,,,,,,,,,,,,,,,,,,,,,,,,,,,,,,,,,,,,,,,,,,,,,,,,,,,,,,,,,,,,,,,,,,-,1897
252,Mrs Ellen Brown,Brown Mrs Ellen,Mrs Ellen Brown,Mrs Sarah F. James,Mrs Sarah F. James,"Mrs E. McDonald, Boarding House",,Jno Duffy. Boarding House,,,,,Jno Duffy. Boarding House,,,,,,,,,,,,,,,,,,,,,,,,,,,,,,,,,,,,,,,,,,,,,,,,,,,,,,,,,,,,,,,La Sposa Bridal,La Sposa Bridal,La Sposa Bridal,La Sposa Bridal,La Sposa Bridal,La Sposa Bridal,La Sposa Bridal,La Sposa Bridal,La Sposa Bridal,La Sposa Bridal,La Sposa Bridal,La Sposa Bridal,La Sposa Bridal,La Sposa Bridal,,,,,,,,,,,,,,,,,,,,1897
253,Britannia Coffee Palace. D. Bevan & W. Johns (proprietors),,Britannia Coffee Palace. D. Bevan & W. Johns (proprietors),Britannia Coffee Palace. D. Bevan & W. Johns (proprietors),Britannia Coffee Palace. D. Bevan & W. Johns (proprietors),,,Britannia Coffee Palace. D. Bevan & W. Johns (proprietors),,,,,Britannia Coffee Palace. D. Bevan & W. Johns (proprietors),,,,,,,,,,,,,,,,,,,,,,,,,,,,,Britannia Coffee Palace,,,,,,,,,,,,,,,,,,,,,,,,Britannia Hostel,Britannia Hostel,Britannia Hostel,Britannia Hostel,Britannia Hostel,Britannia Hostel,Britannia Hostel,Britannia Hostel,Britannia Hostel,Britannia Hostel,Britannia Hostel,Britannia Hostel,Britannia Hostel,Britannia Hostel,Britannia Hostel,Britannia Hostel,Britannia Hostel,Britannia Hostel,Britannia Hostel,Britannia Hostel,Britannia Hostel,Britannia Hostel,Britannia Hostel,Britannia Hostel,Britannia Hostel,Britannia Hostel,Britannia Hostel,Britannia Hostel,Britannia Hostel,Britannia Hostel,Britannia Hostel,Britannia Hostel,Britannia Hostel,Britannia Hostel,Britannia Hostel,Britannia Hostel,Britannia Hostel,Britannia Hostel,Britannia Hostel,Britannia Hostel,Britannia Hostel,Britannia Hostel,"253A - Seoul Buffet Korean Bbq and Steamboat
253 - Britannia Hostel",1897
254,,,-,,,,,,,,,,Jno Duffy. Boarding House,,,,,,,,,,,,,,,,,,,,,,,,,,,,,,,,,,,,,,,,,,,,,,,,,,,,,,,,,,,,,,,Northbridge Emporium,Northbridge Emporium,Northbridge Emporium,Northbridge Emporium,Northbridge Emporium,Northbridge Emporium,Northbridge Emporium,Northbridge Emporium,Northbridge Emporium,Northbridge Emporium,Northbridge Emporium,Northbridge Emporium,Northbridge Emporium,Northbridge Emporium,,,,,,,,,,,,,,,,,,,,1897
255,Britannia Coffee Palace. D. Bevan & W. Johns (proprietors),,Britannia Coffee Palace. D. Bevan & W. Johns (proprietors),Britannia Coffee Palace. D. Bevan & W. Johns (proprietors),Britannia Coffee Palace. D. Bevan & W. Johns (proprietors),,,Britannia Coffee Palace. D. Bevan & W. Johns (proprietors),,,,,Britannia Coffee Palace. D. Bevan & W. Johns (proprietors),,,,,,,,,,,,,,,,,,,,,,,,,,,,,Britannia Coffee Palace,,,,,,,,,,,,,,,,,,,,,,,,,,,,,,,,,,,,,,,,,,,,,,,,,,,,,,,,,,,,,,,,,,,1897
256,,,-,,,,,,,,,,Jno Duffy. Boarding House,,,,,,,,,,,,,,,,,,,,,,,,,,,,,,,,,,,,,,,,,,,,,,,,,,,,,,,,,,,,,,,R&I Bank,R&I Bank,R&I Bank,R&I Bank,R&I Bank,R&I Bank,R&I Bank,R&I Bank,R&I Bank,R&I Bank,R&I Bank,R&I Bank,R&I Bank,R&I Bank,,,,,,,,,,,,,,,,,,,,
257,"Alex Patman, Wine Saloon",,"Alex Patman, Wine Saloon","Alex Patman, Wine Saloon","Alex Patman, Wine Saloon",,,"Alex Patman, Wine Saloon & Fruiterer",,,,,"Alex Patman, Wine Saloon, Confectioner & Fruiterer",,,,,,,,,,,,,,,,,,,,,,,,,,,,,Britannia Coffee Palace,,,,,,,,,,,,,,,,,,,,,,,,,,,,,,,,,,,,,,,,,,,,,,,,,,,,,,,,,,,,,,,,,,,1897
258,Mrs H. McFie,McFie Mrs H Attridge J.F. coach painter,Mis H McFie,Mrs H. McFie,Mrs H. McFie,Mrs H. McFie,,Mrs H Macphie,,,,,Jno Duffy. Boarding House,,,,,,,,,,,,,,,,,,,,,,,,,,,,,,,,,,,,,,,,,,,,,,,,,,,,,,,,,,,,,,,R&I Bank,R&I Bank,R&I Bank,R&I Bank,R&I Bank,R&I Bank,R&I Bank,R&I Bank,R&I Bank,R&I Bank,R&I Bank,R&I Bank,R&I Bank,R&I Bank,,,,,,,,,,,,,,,,,,,,1897
,,,,,,,,,,,,,,,,,,,,,,,,,,,,,,,,,,,,,,,,,,,,,,,,,,,,,,,,,,,,,,,,,,,,,,,,,,,,,,,,,,,,,,,,,,,,,,,,,,,,,,,,,,,,,
,,,,,,,,,,,,,,,,,,,,,,,,,,,,,,,,,,,,,,,,,,,,,,,,,,,,,,,,,,,,,,,,,,,,,,,,,,,,,,,,,,,,,,,,,,,,,,,,,,,,,,,,,,,,,
259,,,,,"Alex Patman, Wine Saloon",,,,,,,,,,,,,,,,,,,,,,,,,,,,,,,,,,,,,"Ridolfo Carmelo, Hairdresser and Tobacconist",,,,,,,,,,,,,,,,,,,,,,,,,,,,,,,,,,,,,,,,,,,,,,,,,,,,,,,,,,,,Harry Highpants,,,,,,,1897
260,,,-,,,,,,,,,,,,,,,,,,,,,,,,,,,,,,,,,,,,,,,Graham J H Tent mkr,,,,,,,,,,,,,,,,,,,,,,,,,,,,,,,,,,,,,,,,,,,,,,,,,,,,,,,,,,,,,,,,,,Outre Gallery,1928
261,,,,"Vic. Cohen, Carrier
Mrs M. Cohen, Dressmaker","Vic. Cohen, Carrier",,,Earnest Matthews. Dealer,,,,,W J Shaw. Bootmaker & Importer,,,,,,,,,,,,,,,,,,,,,,,,,,,,,"Duduman A, Tailor",,,,,,,,,,,,,,,,,,,,,,,,,,,,,,,,,,,,,,,,,,,,,,,,,,,,,,,,Sicari Stationary,Sicari Stationary,Sicari Stationary,Sicari Stationary,Sicari Stationary,Sicari Stationary,Sicari Stationary,Sicari Stationary,Sicari Stationary,Sicari Stationary,Sicari Stationary,1897
262,J. F Attridge. Coach Painter,,-,,,,,,,,,,,,,,,,,,,,,,,,,,,,,,,,,,,,,,,,,,,,,,,,,,,,,,,,,,,,,,,,,,,,,,,,,,,,,,,,,,,,,,,,,,,,,,,,,,,,,,,,,,1928
263,G. W. Underwood. Bootmaker,,"MIlitary Cadet Club. Lieut. Robert Jackson, Sec.","MIlitary Cadet Club. Lieut. Robert Jackson, Sec.",,,,W Jackson. Cutler,,,,,C Strickland. Tailor,,,,,,,,,,,,,,,,,,,,,,,,,,,,,New York Drycleaners,,,,,,,,,,,,,,,,,,,,,,,,,,,,,,,,,,,,,,,,,,,,,,,,,,,,,,,,,,,,Hair Etc,,,,,,,1897
264,,,,,,,,,,,,,,,,,,,,,,,,,,,,,,,,,,,,,,,,,,"Snowhite Towel and Overall Serv, ltd, lndry",,,,,,,,,,,,,,,,,,,,,,,,,,,,,,,,,,,,,,,,,,,,,,,,,,,,,,,,,,,,,,,,,,Joy Tours,1928
265,"Henry Cohen, Furniture Dealer",,Jno G Kaye. Electrician,Western Dairy Co. William H. Taylor,"Western Dairy Co. William H. Taylor
Oddfellers' Hall, James R. Bolt (Secretary) *this might be 266 as recorded in 1911.",,,Western Dairy Co (William H Taylor),,,,,Western Dairy Co (William S Collings),,,,,,,,,,,,,,,,,,,,,,,,,,,,,"Turner A S, Accountant",,,,,,,,,,,,,,,,,,,,,,,,,,,,,,,,,,Lovecraft Restricted Bookshop,,,,,,,,,,,,,,,,,,,,,,,,,,Optima Vision,Optima Vision,Optima Vision,Optima Vision,Optima Vision,Optima Vision,Optima Vision,1897
266,William H Jones Furniture Dealer,Jones W furniture dlr,William H Jones Furniture Dealer,"William H Jones Furniture Dealer
William H Jones, Oddfellers' Hall","William H. Jones, Furniture Dealer","William H. Jones, Furniture Dealer",,William H Jones Furniture Dealer,,,,,William H Jones Furniture Dealer,,,,,,,,,,,,,,,,,,,,,,,,,,,,,"Rappeport Gilbt, furn mfr",,,,,,,,,,,,,,,,,,,,,,,,,,,,,,,,,,,,,,,,,,,,,,,,,,,,,,,,,,Joy Tours,,,,,,,,,1906
267,Oddfellows' Hall,,Oddfellows' Hall,,,,,"Oddfellows' Hall (S G Uren, sec)",,,,,"Manchester Unity Hall (A S Green, Grand Secretary)",,,,,,,,,,,,,,,,,,,,,,,,,,,,,"Man Sun J C, laundry; Manchester Unity Hall; MUIOOF lodge",,,,,,,,,,,,,,,,,,,,,,,,,,,,,,,,,,Ginger's Nightclub,,,,,,,,,,,,,,,,,,,,,,,,,,The Burlesque Lounge,,,,,,Paper Mountain,
267a,,,,,,,,,,,,,,,,,,,,,,,,,,,,,,,,,,,,,,,,,,Western Dairy Co.,,,,,,,,,,,,,,,,,,,,,,,,,,,,,,,,,,?,,,,,,,,,,,,,,,,,,,,,,,,,,Il Vero Gusto,,,,,,Little Willy's,
267B,,,,,,,,,,,,,,,,,,,,,,,,,,,,,,,,,,,,,,,,,,"Giannasi P, Greengrocer and Fruitier",,,,,,,,,,,,,,,,,,,,,,,,,,,,,,,,,,Hopper's Home Brew,,,,,,,,,,,,,,,,,,,,,,,,,,Vinnies Retro,Vinnies Retro,Vinnies Retro,Vinnies Retro,Vinnies Retro,Vinnies Retro,Vinnies Retro,
268,,,,,,,,,,,,,,,,,,,,,,,,,,,,,,,,,,,,,,,,,,,,,,,,,,,,,,,,,,,,,,,,,,,,,,,,,,,,,,,,,,,,,,,,,,,,,,,,,,,,Wing Loong News and Books,,,,,,,,,1906
269,"Sutherland & Dadd, Engineers",,"Sutherland & Dadd, Engineers","Sutherland & Dadd, Engineers","Sutherland & Son, Engineers",,,"Sutherland & son, Engineers",,,,,"Sutherland & son, Engineers",,,,,,,,,,,,,,,,,,,,,,,,,,,,,"Dorigo Jno, Tailor",,,,,,,,,,,,,,,,,,,,,,,,,,,,,,,,,,Elia's Coffee Lounge,,,,,,,,,,,,,,,,,,,,,,,,,,Joy Cafe,Joy Cafe,Joy Cafe,Joy Cafe,Joy Cafe,Joy Cafe,Joy Cafe,
269a,,,,,,,,,,,,,,,,,,,,,,,,,,,,,,,,,,,,,,,,,,Swan Gymnasium phys culture,,,,,,,,,,,,,,,,,,,,,,,,,,,,,,,,,,,,,,,,,,,,,,,,,,,,,,,,,,,,,,,,,,,
270,Mrs Minnie Brown. Tobacconist,"Brown Mrs Minnie, tobacconist",Mrs Minnie Brown. Tobacconist,"Mrs Minnie Brown, Tobacconist","Mrs Minnie Brown, Tobacconist","Mrs Minnie Brown, Tobacconist",,Mrs D Gotlieb. Dressmaker,,,,,Thomas Locke Fish Shop,,,,,,,,,,,,,,,,,,,,,,,,,,,,,,,,,,,,,,,,,,,,,,,,,,,,,,,,,,,,,,,,,,,,,,,,,,,,,,,,,,,,,,,Red Hill Bakery,Red Hill Bakery,Red Hill Bakery,Red Hill Bakery,,,,,,1896
271,Jas. A Jewell. Baker & Confectioner,,Jas. A Jewell. Baker & Confectioner,Jas. A Jewell. Baker & Confectioner,"James A. Jewell, Baker & Confectioner",,,"Mrs  K Fielder, Baker & Confectioner",,,,,W E Gladstone. Baker,,,,,,,,,,,,,,,,,,,,,,,,,,,,,"De Ceglic Glovanni, Hairdresser",,,,,,,,,,,,,,,,,,,,,,,,,,,,,,,,,,"Frank Rando, Continental Hair Specialist",,,,,,,,,,,,,,,,,,,,,,,,,,Internet Station,Internet Station,,,,,,1890
272,J Tie Chan. Artist,Klein M dealer,George Sallur. Bootmaker,George Sallur. Bootmaker,"Joseph Richards, Bootmaker","Joseph Richards, Bootmaker",,Jos Richards Bootmaker,,,,,Jos Richards Bootmaker,,,,,,,,,,,,,,,,,,,,,,,,,,,,,"Christo P P, tailor",,,,,,,,,,,,,,,,,,,,,,,,,,,,,,,,,,,,,,,,,,,,,,,,,,,,,,,,,,All Phones,,,,,,,,,1896
273,Thos Richards. Grocer,,Telfer's CIty Steam Laundry (Receiving office),"William Rosevear, Plumber","William Rosevear, Plumber",,,"Victor Cohen, Carrier",,,,,"W J Richmond, Fruiterer & Confectioner",,,,,,,,,,,,,,,,,,,,,,,,,,,,,"Italiano A, Tailor",,,,,,,,,,,,,,,,,,,,,,,,,,,,,,,,,,Galaxy Estate Agency,,,,,,,,,,,,,,,,,,,,,,,,,,"WA's Chinese Videos, Books & News","WA's Chinese Videos, Books & News",,,,,,1890
273a,,,Miss A Latham. Dressmaker,,,,,Mrs M Cohen. Refreshment Rooms,,,,,,,,,,,,,,,,,,,,,,,,,,,,,,,,,,,,,,,,,,,,,,,,,,,,,,,,,,,,,,,,,,,,,,,,,,,,,,,,,,,,,,,,,,,,,,,,,,,,,
274,Goon Goon Laundry,Goon Goon Laundry,Goon Goon Laundry,Goon Goon Laundry,Goon Goon Laundry,Goon Goon Laundry,,Goon Goon Laundry,,,,,Goon Goon Laundry,,,,,,,,,,,,,,,,,,,,,,,,,,,,,"Marchest and Moretto, tailors",,,,,,,,,,,,,,,,,,,,,,,,,,,,,,,,,,,,,,,,,,,,,,,,,,,,,,,,,,International Student Centre,,,,,Periscop Clothing,,,Periscop Clothing,1897
275,-,,,,,,,,,,,,,,,,,,,,,,,,,,,,,,,,,,,,,,,,,"Patman E G & L M, Refreshment Rooms",,,,,,,,,,,,,,,,,,,,,,,,,,,,,,,,,,La Belle Epoque French Restaurant,,,,,,,,,,,,,,,,,,,,,,,,,,Golden King BBQ,Golden King BBQ,,,,,,1890
276 - GROUND,,Kaye J.G. electrician and gas fitter,"Austin Lee, Cycle Dealer","Joe Fletcher, Butcher","Joseph H. Fletcher, Butcher","Joseph H. Fletcher, Green Grocer",Baker F.E. Butcher,"James Cringlington, confectioner & fruiterer ",,,,,Mrs D Gotlieb Dressmaker,,,,,,,,,,,,,,,,,,,,,,,,,,,,,"Isaia Mrs F, dressmaker",,,,,,,,,,,,,,,,,,,,,,,,,,,,,,,,,,,,,,,,,,,,,,,Kim Kim Restaurant,,,,,,,,Keith + Lottie,"Keith + Lottie, Keith + Lottie Gallery","Keith + Lottie, Keith + Lottie Gallery, The Butcher Shop","Keith + Lottie, Keith + Lottie Gallery, The Butcher Shop","Keith + Lottie, Keith + Lottie Gallery, The Butcher Shop",The Butcher Shop,The Butcher Shop,The Butcher Shop,The Butcher Shop,The Butcher Shop,The Butcher Shop,The Butcher Shop,1897
276 - First Floor,,,,,,,,,,,,,,,,,,,,,,,,,,,,,,,,,,,,,,,,,,,,,,,,,,,,,,,,,,,,,,,,,,,,,,,,,,,,,,,,,,,,,,,,,,,,,,,,,Studio Robot,Studio Robot,Studio Robot,"Studio Robot, Whitegoods","Studio Robot, Whitegoods","Studio Robot, OnWilliam","Studio Robot, OnWilliam","Studio Robot, OnWilliam","Studio Robot, OnWilliam","Studio Robot, OnWilliam","Studio Robot, OnWilliam, Mend Consulting, Sarah McCloskey (artist), Aidan Garnett (Graphic Design)","Studio Robot, OnWilliam, Mend Consulting, Sarah McCloskey (artist), Aidan Garnett (Graphic Design)",1897
277,"T. Walton Jones, Draper",,"T. Walton Jones, Draper","T. Walton Jones, Draper","Walton T. Jones, Draper & Stationer",,,"T. Walton Jones, Storekeeper",,,,,Blue Bros. Drapers & Iron Mongers,,,,,,,,,,,,,,,,,,,,,,,,,,,,,"Rappeport G, French Polisher",,,,,,,,,,,,,,,,,,,,,,,,,,,,,,,,,,,,,,,,,,,,,,,,,,,,,,,,,,,,,,,,,,,1890
278,,,-,,,,,George H Tomlinson. Hairdresser & Tobacconist,,,,,"Robert J Milligan, Tobacconist",,,,,,,,,,,,,,,,,,,,,,,,,,,,,"Marto Spiro, mix bus",,,,,,,,,,,,,,,,,,,,,,,,,,,,,,,,,,,,,,,,,,,,,,,,,,,,,,,,,,Chung Wah Association,,,,,,,,,1913/14
279,,,,,,,,,,,,,,,,,,,,,,,,,,,,,,,,,,,,,,,,,,,,,,,,,,,,,,,,,,,,,,,,,,,,,,,,,,,,,,,,,,,,,,,,,,,,,,,,Villa Italia,Villa Italia,Villa Italia,Villa Italia,Villa Italia,,,,,,,,,
280,,,,,,,,"Mrs M Lee, Dairy Products & Confectioner",,,,Vacnt,"Goanna Salve Ltd (H W Stead, manager)",Vacant,,,,,,,,,,,,,,,,,,,,,,,,,,,,Frost H P Scientific inst maker,,,,,,,,,,,,,,,,,,,,,,,,,,,,,,,,,,,,,,,,,,,,,,,,,,,,,,,,,Mings Technologie,Vacant,,,,,,Noise Pollution Records,Noise Pollution Records,Noise Pollution Records,1913/14
281,"T. Walton Jones, Draper",,"T. Walton Jones, Draper",,"Walton T. Jones, Draper & Stationer",,,"T. Walton Jones, Storekeeper",,,,,Blue Bros. Drapers & Iron Mongers,,,,,,,,,,,,,,,,,,,,,,,,,,,,,"New York Dental Co, dentists",,,,,,,,,,,,,,,,,,,,,,,,,,,,,,,,,,,,,,,,,,,,,,,,,,,,,,,,,,,,,,,,,,,
,T. Walton Jones. Stationer,,T. Walton Jones. Stationer,,,,,"T. Walton Jones, Storekeeper",,,,,Blue Bros. Drapers & Iron Mongers,,,,,,,,,,,,,,,,,,,,,,,,,,,,,,,,,,,,,,,,,,,,,,,,,,,,,,,,,,,,,,,Firenze Tailor,,,,,,,,,,,,,,,,,,,,,,,,,,,,,,,,,
282,,,-,,,,,Max Bercov. Butcher,,,,,I Rotenberg Butcher,,,,,,,,,,,,,,,,,,,,,,,,,,,,,,,,,,,,,,,,,,,,,,,,,,,,,,,,,,,,,,,Unique International Hair Salon,,,,,,,,,,,,,Unique International Hair Salon,,,,,,,,,,Didges We Doo,Didges We Doo,,,,,,,,,1913/14
cnr (57 aberdeen,,,-,,,,,,,,,,,,,,,,,,,,,,,,,,,,,,,,,,,,,,,,,,,,,,,,,,,,,,,,,,,,,,,,,,,,,,,,,,,,,,,,,,,,,,,,,,,,,,,,,,,,,,,,La Cholita,La Cholita,
,,,,,,,,,,,,,,,,,,,,,,,,,,,,,,,,,,,,,,,,,,,,,,,,,,,,,,,,,,,,,,,,,,,,,,,,,,,,,,,,,,,,,,,,,,,,,,,,,,,,,,,,,,,,,
,,,,,,,,,,,,,,,,,,,,,,,,,,,,,,,,,,,,,,,,,,,,,,,,,,,,,,,,,,,,,,,,,,,,,,,,,,,,,,,,,,,,,,,,,,,,,,,,,,,,,,,,,,,,,
283,,,,"Bennett & Burnside, Grocers","Bennett & Burnside, Grocers",,,,,,,,"T A Glasson, Grocer",,,,,,,,,,,,,,,,,,,,,,,,,,,,,"Underwood V, Draper",,,,,,,,,,,,,,,,,,,,,,,,,,,,,,,,,,,,,,,,,,,,,,,,,,,,,,,,,,,,,,,,,,Aida Cafe/Restaurant/Club,1900
284,"M & E Schlitz. Stationers, & Reg Office","Rowe Percy, dyer & cleaner","Bennett & Burnside, Grocers","Percy Rowe, Dyer & Cleaner","Percy Rowe, Dyer & Cleaner","Percy Rowe, Dyer & Cleaner",,"Bennett & Burnside, Grocers",,,,,"Bennett & Burnside, Grocers",,,,,,,,,,,,,,,,,,,,,,,,,,,,,"Sparta G, grocer",,,,,,,,,,,,,,,,,,,,,,,,,,,,,,,,,,,,,,,,,,,,,,,,,,,,,,,,,,,,,,,,,,,
,S. Bathgate. House & land agent,,"Percy Rowe, Dyer & Cleaner",,,,,"Percy Rowe, Dyer & Cleaner",,,,,,,,,,,,,,,,,,,,,,,,,,,,,,,,,,,,,,,,,,,,,,,,,,,,,,,,,,,,,,,,,,,,,,,,,,,,,,,,,,,,,,,,,,,,,,,,,,,,,
285,Ireland & McNamara. Butchers,,Ireland & McNamara. Butchers,"Ireland & McNamara, Butchers","Ireland & McNamara, Butchers",,,Samuel Major. Butcher,,,,,H J Collier Smallgoods,,,,,,,,,,,,,,,,,,,,,,,,,,,,,,,,,,,,,,,,,,,,,,,,,,,,,,,,,,,,,,,,,,,,,,,,,,,,,,,,,,,,,,,,,,,,,,,,1900
286,Hans Petersen. Electrician.,Grant Mrs W,,Edward Hallet,Edward Hallet,Edward Hallet,,Mrs K F Rendall,,,,,Mrs M Booker. Lodging House,,,,,,,,,,,,,,,,,,,,,,,,,,,,,"Sparta G, grocer",,,,,,,,,,,,,,,,,,,,,,,,,,,,,,,,,,,,,,,,,,,,,,,,,,,,,,,,,,,,,,,,,,,
287,Mrs Elizabeth Price. Fruiterer & Cofectioner,,Mrs Leah Clifford. Greengrocer,"Jas. Clarke, Confectioner","Geo. Dowe, Confectioner",,,George. M Dow. Pastrycook,,,,,"Alfred Juleff, Fruiterer & Confectioner",,,,,,,,,,,,,,,,,,,,,,,,,,,,,Jubilee Cafe,,,,,,,,,,,,,,,,,,,,,,,,,,,,,,,,,,,,,,,,,,,,,,,,,,,,,,,,,,,,,,,,,,,1900
288,,,,,,,,,,,,,,,,,,,,,,,,,,,,,,,,,,,,,,,,,,,,,,,,,,,,,,,,,,,,,,,,,,,,,,,,,,,,,,,,,,,,,,,,,,,,,,,,,,,,,,,,,,,,,
289,"George Bergstrand, Laundry",,,,"L. Cole, Tailor",,,Arthur O'Donnell. Hairdresser & Tobacconist,,,,,Arthur O'Donnell. Hairdresser & Tobacconist,,,,,,,,,,,,,,,,,,,,,,,,,,,,,Black & White Fruitiers,,,,,,,,,,,,,,,,,,,,,,,,,,,,,,,,,,Agostino Restaurant,,,,,,,,,,,,,,,,,,,,,,,,,,,,,,,,"Fi & Co, Clothing Store",1900
290,,,,,,,,,,,,,,,,,,,,,,,,,,,,,,,,,,,,,,,,,,,,,,,,,,,,,,,,,,,,,,,,,,,,,,,,,,,,,,,,,,,,,,,,,,,,,,,,,,,,,,,,,,,,,
291,,,,,,,,-,,,,,Samuel Major. Butcher,,,,,,,,,,,,,,,,,,,,,,,,,,,,,Champion Butchers,,,,,,,,,,,,,,,,,,,,,,,,,,,,,,,,,,Roy Alexander (Himself) and Sons Gunsmith,Roy Alexander (Himself) and Sons Gunsmith,Roy Alexander (Himself) and Sons Gunsmith,,,,,,,,,,,,,,,,,,,,,,,,,,,,,,"Maya Masala Indian Brasserie, Restaurant",1900
291a,,,,,,,,-,,,,,"H Hoskins, Billiard Saloon",,,,,,,,,,,,,,,,,,,,,,,,,,,,,"Keet D G, Antique Dealer",,,,,,,,,,,,,,,,,,,,,,,,,,,,,,,,,,Uncle Domenic's Restaurant & Reception Centre,Uncle Domenic's Restaurant & Reception Centre,Uncle Domenic's Restaurant & Reception Centre,,,,,,,,,,,,,,,,,,,,,,,,,,,,,,,
292,Mrs Thomas,Jonas,Alfred J Lipman,Casey William,Nurse Du Rieu,Nurse Du Rieu,,"Du Rieu, Nurse",,,,,"Du Rieu, Nurse",,,,,,,,,,,,,,,,,,,,,,,,,,,,,,,,,,,,,,,,,,,,,,,,,,,,,,,,,,,,,,,,,,,,,,,,,,,,,,,,,,,,,,,,,,,,,,,,
,,,,,,,,,,,,,,,,,,,,,,,,,,,,,,,,,,,,,,,,,,,,,,,,,,,,,,,,,,,,,,,,,,,,,,,,,,,,,,,,,,,,,,,,,,,,,,,,,,,,,,,,,,,,,
293,Thos. Werrett. Dealer,,Thos. Werrett. Dealer,"Thomas Werrett, Dealer","Thomas Werrett, Dealer",,,Thomas Werrett. Dealer,,,,,William J MacKay,,,,,,,,,,,,,,,,,,,,,,,,,,,,,,,,,,,,,,,,,,,,,,,,,,,,,,,,,,,,,,,Joe ? Butcher?,,,,,,,,,,,,,,,,,,,,,,,,,,,,,,,,,
294,,,,,,,,,,,,,,,,,,,,,,,,,,,,,,,,,,,,,,,,,,,,,,,,,,,,,,,,,,,,,,,,,,,,,,,,,,,,,,,,,,,,,,,,,,,,,,,,,,,,,,,,,,,,,
295,Chas H Nielson,,Chas H Nielson,"Charles H. Nielson
Robert Thomson, Fuel Merchant ","Charles H. Nielson
Robert Thomson, Fuel Merchant ",,,Chas H Nielson,,,,,Chas H Nielson,,,,,,,,,,,,,,Dickerson Harry,,,,,,,,,,,,,,,,,,,,,,,,,,,,,,,,,,,,,,,,,,,,,,,,,,,,,,,,,,,,,,,,,,,,,,,,,,,,,,,,,,
296,J. R. Ward. Masseur,Ward J.R masseur,Jas R Ward. Masseur,Jas R Ward. Masseur,"James R. Ward, Masseur",Jas R Ward. Masseur,Jas R Ward. Masseur,Jas R Ward. Masseur,Jas R Ward. Masseur,Jas R Ward. Masseur,Jas R Ward. Masseur,Mrs K McDonald. Lodging house,Mrs K McDonald. Lodging house,,,,,,,,,,,,,,,,,,,,,,,,,,,,,,,,,,,,,,,,,,,,,,,,,,,,,,,,,,,,,,,,,,,,,,,,,,,,,,,,,,,,,,,,,,,,,,,,
297,,,,,,,,,,,,,,,,,,,,,,,,,,,,,,,,,,,,,,,,,,,,,,,,,,,,,,,,,,,,,,,,,,,,,,,,,,,,,,,,,,,,,,,,,,,,,,,,,,,,,,,,,,,,"1/297 - Beer and Skewers, Restaurant
2/297 - Icey Ice iDesserts, Cafe/Restaurant",
298,,,,,,,,,,,,,,,,,,,,,,,,,,,,,,,,,,,,,,,,,,,,,,,,,,,,,,,,,,,,,,,,,,,,,,,,,,,,,,,,,,,,,,,,,,,,,,,,,,,,,,,,,,,,,
299,,,,,,,,,,,,,,,,,,,,,,,,,,,,,,,,,,,,,,,,,,,,,,,,,,,,,,,,,,,,,,,,,,,,,,,,,,,,,,,,,,,,,,,,,,,,,,,,,,,,,,,,,,,,,
300,Mrs D White,White Mrs D,Mrs Henrietta White,Christr Hough,Lloyd Morey,Lloyd Morey,,Jas Tolmic. Carpenter,,,,,William E Gladstone,,,,,,,,,,,,,,,,,,,,,,,,,,,,,,,,,,,,,,,,,,,,,,,,,,,,,,,,,,,,,,,,,,,,,,,,,,,,,,,,,,,,,,,,,,,,,,,,
301,,,,,,,,,,,,,,,,,,,,,,,,,,,,,,,,,,,,,,,,,,,,,,,,,,,,,,,,,,,,,,,,,,,,,,,,,,,,,,,,,,,,,,,,,,,,,,,,,,,,,,,,,,,,"297 - 301? - Tra Vinh, Vietnamese Restaurant",
302,,,,,,,,,,,,,,,,,,,,,,,,,,,,,,,,,,,,,,,,,,,,,,,,,,,,,,,,,,,,,,,,,,,,,,,,,,,,,,,,,,,,,,,,,,,,,,,,,,,,,,,,,,,,,
303,,,,,,,,,,,,,,,,,,,,,,,,,,,,,,,,,,,,,,,,,,,,,,,,,,,,,,,,,,,,,,,,,,,,,,,,,,,,,,,,,,,,,,,,,,,,,,,,,,,,,,,,,,,,,
304,Mrs J Roundtree,Roundtree Mrs J,Carl H Sporrer,Mrs H. White,Mrs H. White,James H. Murphy,,Mrs H Quinn,,,,,Jas Graham,,,,,,,,,,,,,,,,,,,,,,,,,,,,,,,,,,,,,,,,,,,,,,,,,,,,,,,,,,,,,,,,,,,,,,,,,,,,,,,,,,,,,,,,,,,,,,,,
305,,,,,,,,,,,,,,,,,,,,,,,,,,,,,,,,,,,,,,,,,,"Langon Signs and displays, Signwriters",,,,,,,,,,,,,,,,,,,,,,,,,,,,,,,,,,ANZ Bank,,,,,,,,,,,,,,,,,,,,,,,,,,,,,,,,"1/305 - An's Kitchen, Restaurant
2/305 - Baby Mammoth, Restaurant",
306,,,,,,,,,,,,,,,,,,,,,,,,,,,,,,,,,,,,,,,,,,,,,,,,,,,,,,,,,,,,,,,,,,,,,,,,,,,,,,,,,,,,,,,,,,,,,,,,,,,,,,,,,,,,,
307,,,,,,,,,,,,,,,,,,,,,,,,,,,,,,,,,,,,,,,,,,George's Furniture and Hardware,,,,,,,,,,,,,,,,,,,,,,,,,,,,,,,,,,?Clothing Store,,,,,,,,,,,,,,,,,,,,,,,,,,,,,,,,,
308,Mrs Johanna Slater,Slater Mrs Johanna,Mrs Johanna Slater,Mrs Johanna Slater,Mrs Johanna Slater,Mrs Johanna Slater,,Mrs J Jordan,,,,,"Mrs J Slater, Dressmaker",,,,,,,,,,,,,,,,,,,,,,,,,,,,,,,,,,,,,,,,,,,,,,,,,,,,,,,,,,,,,,,-,-,,,,,,,,,,,,,,,,,,,,,,,,,,,,,,,,
309,,,,,,,,,,,,,,,,,,,Perfection confectionary co,Perfection confectionary co,"O'Brien, Miss Molly, Tea & Lunch rooms","O'Brien, Miss Molly, Tea & Lunch rooms",,,,,,,,,,,,,,,,,,,,"Kowol Francis, Mix Business",,,,,,,,,,,,,,,,,,,,,,,,,,,,,,,,,,Bohemia's Charcoal Inn Restaurant,,,,,,,,,,,,,,,,,,,,,,,,,,,,,,,,,
310,"Ben Jones, Shoemaker","Jones Ben, shoemaker","Ben Jones, Boot Dealer & Maker","Ben Jones, Boot Dealer & Maker","Ben Jones, Shoemaker","Ben Jones, Shoemaker",,"Ben Jones, Boot Dealer",,,,,"Ben Jones, Boot Dealer & Maker",,,,,,,,,,,,,,,,,,,,,,,,,,,,,"Dzienclol G, upholsterer ",,,,,,,,,,,,,,,,,,,,,,,,,,,,,,,,,,-,-,,,,,,,,,,,,,,,,,,,,,,,,,,,,,,,"1/310 - The Grid, GP Virtual Racing (Ground Floor)
1/310 Little C's Pizzeria
Sakari Japanese Restaurant (upstairs)",
311,,,,,,,,,,,,,,,,,"Sampson & Harring, eye & motor mechs","Sampson & Harring, eye & motor mechs",Sampson N.H cycle & motor mechanics,Sampson N.H cycle & motor mechanics,Sampson N.H cycle & motor mechanics,Sampson N.H cycle & motor mechanics,"Noack, R, Ladies Hairdressers","Noack, R, Ladies Hairdressers","Noack, R, Ladies Hairdressers","Noack, R, Ladies Hairdressers","Noack, R, Ladies Hairdressers","Noack, R, Ladies Hairdressers","Noack, R, Ladies Hairdressers","Noack, R, Ladies Hairdressers","Noack, R, Ladies Hairdressers","Noack, R, Ladies Hairdressers","Noack, R, Ladies Hairdressers","Noack, R, Ladies Hairdressers","Noack, R, Ladies Hairdressers",,Vacant,"Harrys electrical service, electrical supplies","Harrys electrical service, electrical supplies","Harrys electrical service, electrical supplies",,American Drycleaners,,,,,,,,,,,,,,,,,,,,,,,,,,,,,,,,,,Bohemia's Charcoal Inn Restaurant,,,,,,,,,,,,,Rendezvous Takeaway & Delicacies,,,,,,,,,,,,,,,,,,,,1919 to 1920
312,"Ben Jones, Shoemaker",,"Ben Jones, Boot Dealer & Maker",,,"Ben Jones, Shoemaker",,"Ben Jones, Boot Dealer",,,,,"Ben Jones, Boot Dealer & Maker",,,,,,,,,,,,,,,,,,,,,,,,,,,,,,,,,,,,,,,,,,,,,,,,,,,,,,,,,,,,,,,Vertex Offset General Printers,Vertex Offset General Printers,,,,,,,,,,,,,,,,,,,,,,,,,,,,,,,,
313,,,,,,,,,,,,,,,,"Bennett & Burnside, grocers",,,Hart Ohas furniture,Hart Ohas furniture,Hart Ohas furniture,Vacant,St Kilda Cafe,St Kilda Cafe,St Kilda Cafe,St Kilda Cafe,St Kilda Cafe,St Kilda Cafe,St Kilda Cafe,St Kilda Cafe,St Kilda Cafe,St Kilda Cafe,St Kilda Cafe,St Kilda Cafe,St Kilda Cafe,,St Kilda Cafe,St Kilda Cafe,St Kilda Cafe,,,St Kilda Cafe,,,,,,,,,,,,,,,,,,,,,,,,,,,,,,,,,,Balkan Restaurant,,,,,,,,,,,,,Dim Sim House Chinese Restaurant,,,,,,,,,,,,,,,,,,,,1919 to 1920
314,,,,,,,,,,,,,,,,,,,,,,,,,,,,,,,,,,,,,,,,,,"Devine Jno, second hand dealer",,,,,,,,,,,,,,,,,,,,,,,,,,,,,,,,,,Vertex Offset General Printers,Vertex Offset General Printers,,,,,,,,,,,,,,,,,,,,,,,,,,,,Golden Gate,Golden Gate,William Nails & Beauty Centre,William Nails & Beauty Centre,1905
315,,,,,,,,,,,,,,,,,,,,,,,,,,,,,,,,,,,,,,,,,,"Christine Beauty Salon, ladies hairdresser",,,,,,,,,,,,,,,,,,,,,,,,,,,,,,,,,,,,,,,,,,,,,,,,,,,,,,,,,,,,,,,,,,,1919 to 1920
316,,,,,,,,,,,,,,,,,,,,,,,,,,,,,,,,,,,,,,,,,,"Devine Jno, second hand dealer",,,,,,,,,,,,,,,,,,,,,,,,,,,,,,,,,,Nino Musto Music Shop,Nino Musto Music Shop,,,,,,,,,,,,,,,,,,,,,,,,,,,,Golden Gate,Golden Gate,Golden Gate,Golden Gate,1905
317,,,,,,,,-,,,,,Alfred S Locke. Eye Agt,,,,,,,,,,,,,,,,,,,,,,,,,,,,,"Kakulas Bros., grocer",,,,,,,,,,,,,,,,,,,,,,,,,,,,,,,,,,H & R Block,,,,,,,,,,,,,Sri Melaka Restaurant & Confectionary,,,,,,,,,,,,,,,,,,,,1919 to 1920
318,Harry Hatton. Fruitere & Confectioner,"Hatton Harry, fruitr. & confer",Miss E Toms. Fruiterer  & Confectioner,"Thomas Machinsky, Grocer and Fruiterer","Thomas Machinsky, Grocer and Fruiterer","Thomas Machinsky, Grocer and Fruiterer",,Joseph Zeitlin. Confectioner & Greengrocer,,,,,"W Schapira, Watchmaker; Mrs H Hayman, Fruiterer",,,,,,,,,,,,,,,,,,,,,,,,,,,,,Metro Employment Exchange registry office ,,,,,,,,,,,,,,,,,,,,,,,,,,,,,,,,,,Nino Musto Music Shop,Nino Musto Music Shop,,,,,,,,,,,,,,,,,,,,,,,,,,,,,,SunBBQ Restaurant,"Sun Cafe/SunBBQ (upstairs), Cafe/Restaurant",
319,,,,,,,,-,,,,,"Arthur Barnard, Fruiterer & Confectioner",,,,,,,,,,,,,,,,,,,,,,,,,,,,,"Barnard Arthur, Fruitier and Confectioner",,,,,,,,,,,,,,,,,,,,,,,,,,,,,,,,,,,,,,,,,,,,,,,Satay House,,,,,,,,,,,,,,,,,Emma's Seafoods Yong Tofu,Emma's Seafoods Yong Tofu,Emma's Seafoods Yong Tofu,1919 to 1920
320,W. J Hunter & Co. Storekeepers,Macey Arthur C. grocer,,"Thomas Machinsky, Grocer and Fruiterer","Thomas Machinsky, Grocer and Fruiterer","Thomas Machinsky, Grocer and Fruiterer",,Dewar & Walsh Grocers; Frederick E (D & W ) Walsh,,,,,Dewar & Walsh Grocers; Fred T Walsh (D & W),,,,,,,,,,,,,,,,,,,,,,,,,,,,,"McLennan Ken, grocer",,,,,,,,,,,,,,,,,,,,,,,,,,,,,,,,,,San Marco Pizza Restaurant,Lori's Place,,,,,,,,,,,,,,,,,,,,,,,,,,,,,,SunBBQ Restaurant,SunBBQ Restaurant,1905
321,,,,,,,,,,,,,Alex Trouchet. Chemist,,,,,,,,,,,,,,,,,,,,,,,,,,,,,"MacDonnell J, Chemist",,,,,,,,,,,,,,,,,,,,,,,,,,,,,,,,,,,Bizarre Antiques,,,,,,,,,,,,,,,,,,,,,,,,,,,,,Emma's Seafoods Yong Tofu,Emma's Seafoods Yong Tofu,Emma's Seafoods Yong Tofu,
322,,Gordon Thos. Cycle works,Arthur Grey,,,,,,,,,,,,,,,,,,,,,,,,,,,,,,,,,,,,,,,Adriatic Drapery ,,,,,,,,,,,,,,,,,,,,,,,,,,,,,,,,,,,,,,,,,,,,,,,,,,,,,,,,,,,,,,,,,,,
322,F Barker Fruiterer & Confectioner,,Thos. Gordon. Cycle Works,"Thomas Gordon, Cycle Works","Thomas Gordon, Cycle Works","Thomas Gordon, Cycle Works",,Thos. Gordon. Cycle Works,,,,,"Wm Davis, Plumber",,,,,,,,,,,,,,,,,,,,,,,,,,,,,,,,,,,,,,,,,,,,,,,,,,,,,,,,,,,,,,,,,,,,,,,,,,,,,,,,,,,,,,,,,,,,,,,,
323,,,,,,,,,,,,,,,,,,,,,,,,,,,,,,,,,,,,,,,,,,,,,,,,,,,,,,,,,,,,,,,,,,,,,,,,,,,,,Taimac Video Corporation,,,,,,,,,,,,,,,,,,,,,,,,,,,,,,,,1935
324,F Barker Fruiterer & Confectioner,Gordon Thos. Cycle works,Thos. Gordon. Cycle Works,"Thomas Gordon, Cycle Works","Thomas Gordon, Cycle Works","Thomas Gordon, Cycle Works",,Thos. Gordon. Cycle Works,,,,,"Wm Davis, Plumber",,,,,,,,,,,,,,,,,,,,,,,,,,,,,,,,,,,,,,,,,,,,,,,,,,,,,,,,,,,,,,,,,,,,,,,,,,,,,,,,,,,,,,,,,,,,,,,,
325,,,,,,,,,,,,,,,,,,,,,,,,,,,,,,,,,,,,,,,,,,,,,,,,,,,,,,,,,,,,,,,,,,,,,,,,,,,,,Taimac Video Corporation,,,,,,,,,,,,,,,,,,,,,,,,,,,,,,,,
326,Hay Lee. Laundry,"Lee Hay, laundry",Hay Lee. Laundry,Hay Lee. Laundry,,"Hay Lee, Laundry",,,,,,,Mrs M E Kelly Fancy Goods,,,,,,,,,,,,,,,,,,,,,,,,,,,,,,,,,,,,,,,,,,,,,,,,,,,,,,,,,,,,,,,,,,,,,,,,,,,,,,,,,,,,,,,,,,,,,,,,
327,,,,,,,,,,,,,,,,,,,,,,,,,,,,,,,,,,,,,,,,,,,,,,,,,,,,,,,,,,,,,,,,,,,,,,,,,,,,,Taimac Video Corporation,,,,,,,,,,,,,,,,,,,,,,,,,,,,,,,,
328,,,,,,,,,,,,,,,,,,,,,,,,,,,,,,,,,,,,,,,,,,,,,,,,,,,,,,,,,,,,,,,,,,,,,,,,,,,,,,,,,,,,,,,,,,,,,,,,,,,,,,,,,,,,,
329,,,,,,,,,,,,,,,,,,,,,,,,,,,,,,,,,,,,,,,,,,,,,,,,,,,,,,,,,,,,,,,,,,,,,,,,,,,,,,,,,,,,,,,,,,,,,,,,,,,,,,,,,,,,,
330,Mrs Elsie Keshan,,,William Williams,William Williams,"Mrs E. Davies, Boarding House",,Reg Reynolds,,,,,Jas Flood,,,,,,,,,,,,,,,,,,,,,,,,,,,,,,,,,,,,,,,,,,,,,,,,,,,,,,,,,,,,,,,,,,,,,,,,,,,,,,,,,,,,,,,,,,,,,,,,
331,,,,,,,,,,,,,,,,,,,,,,,,,,,,,,,,,,,,,,,,,,,,,,,,,,,,,,,,,,,,,,,,,,,,,,,,,,,,,,,,,,,,,,,,,,,,,,,,,,,,,,,,,,,,,
332,,,,,,,,,,,,,,,,,,,,,,,,,,,,,,,,,,,,,,,,,,,,,,,,,,,,,,,,,,,,,,,,,,,,,,,,,,,,,,,,,,,,,,,,,,,,,,,,,,,,,,,,,,,,,
333,,,,,,,,,,,,,,,,,,,,,,,,,,,,,,,,,,,,,,,,,,,,,,,,,,,,,,,,,,,,,,,,,,,,,,,,,,,,,,,,,,,,,,,,,,,,,,,,,,,,,,,,,,,,,
334,Chas Sullivan,,,,Mrs Esma Irving,Mrs M. Ivory,,Joseph Rosenfeldt,,,,,Joseph Rosenfeldt,,,,,,,,,,,,,,,,,,,,,,,,,,,,,,,,,,,,,,,,,,,,,,,,,,,,,,,,,,,,,,,,,,,,,,,,,,,,,,,,,,,,,,,,,,,,,,,,
335,,,,,,,,,,,,,,,,,,,,,,,,,,,,,,,,,Blue Room Cabaret & Milk Bar,,,,,,,,,Blue Room Cabaret and Milk Bar,,,,,,,,,,,,,,,,,,,,,,,,,,,,,,,,,,,,,,,,,,,,,,,,,,,,,,,,,,,,,,,,,,,
336,,,,,,,,,,,,,,,,,,,,,,,,,,,,,,,,,,,,,,,,,,,,,,,,,,,,,,,,,,,,,,,,,,,,,,,,,,,,,,,,,,,,,,,,,,,,,,,,,,,,,,,,,,,,,
337,,,,,,,,,,,,,,,,,,,,,,,,,,,,,,,,,,,,,,,,,,,,,,,,,,,,,,,,,,,,,,,,,,,,,,,,,,,,,,,,,,,,,,,,,,,,,,,,,,,,,,,,,,,,,
338,Harry Boice. Butcher,"Boice Harry, butcher",Harry Boice. Butcher,"Harry Boice, Butcher","Harry Boice, Butcher","Harry Boice, Butcher",,"Harry Brandreth; Mrs E. M. Brandreth, Fish Shop",,,,,"Mrs May Hellen, Ham and Beef",,,,,,,,,,,,,,,,,,,,,,,,,,,,,"Evans F E, watchmaker; Bastian Mrs L, laundry",,,,,,,,,,,,,,,,,,,,,,,,,,,,,,,,,,,,,,,,,,,,,,,,,,,,,,,,,,,,,,,,,,,
339,Currie Bros. Dairymen,,Raymond Woodcock. Plumber,"William G. Weylandt, Product Merchant 
Chinese Market Gardens","William G. Weylandt, Product Merchant 
Chinese Market Gardens",,,William G Weylandt. Produce Merchant,,,,,"I Berinshan, Bag Merchant",,,,,,,,,,,,,,,,,,,,,,,,,,,,,"WA Stove Co., Stove Makers; Hassell and Co. Stove Makers",,,,,,,,,,,,,,,,,,,,,,,,,,,,,,,,,,,,,,,,,,,,,,,,,,,,,,,,,,,,,,,399 bar,,,,
339 (off),,,,,,,,Jno. H .Thorne. Blacksmith,,,,,"Samuel Mack, Blacksmith",,,,,,,,,,,,,,,,,,,,,,,,,,,,,,,,,,,,,,,,,,,,,,,,,,,,,,,,,,,,,,,,,,,,,,,,,,,,,,,,,,,,,,,,,,,,,,,,
340,"Arthur Geddes, House  & Land agent",Isaac Wm. carrier,Anders Tollos,"Harry Boice, Butcher","Harry Boice, Butcher","Harry Boice, Butcher",,J C Ibbott. Butcher,,,,,"Mrs E M White, Smallgoods",,,,,,,,,,,,,,,,,,,,,,,,,,,,,"McNicol Mrs L, second hand dealer",,,,,,,,,,,,,,,,,,,,,,,,,,,,,,,,,,,,,,,,,,,,,,,,,,,,,,,,,,,,,,,,,,,
341,,,,,,,,,,,,,,,,,,,,,,,,,,,,,,,,,,,,,,,,,,"Turnbull J J, Motor Engineer",,,,,,,,,,,,,,,,,,,,,,,,,,,,,,,,,,,,,,,,,,,,,,,,,,,,,,,,,,,,,,,,,,,
342,William Hodden,Macpherson Mrs Emily,-,John Furlong,John Furlong,Mrs Ellen Brandrith,,Mrs G Stone. Storekeeper,,,,,"M Segal, Grocer",,,,,,,,,,,,,,,,,,,,,,,,,,,,,"Bennett A S, wicker worker",,,,,,,,,,,,,,,,,,,,,,,,,,,,,,,,,,,,,,,,,,,,,,,,,,,,,,,,,,,,,,,,,,,
343,,,,,,,,,,,,,,,,,,,,,,,,,,,,,,,,,,,,,,,,,,"Turnbull J J, Motor Engineer",,,,,,,,,,,,,,,,,,,,,,,,,,,,,,,,,,,,,,,,,,,,,,,,,,,,,,,,,,,,,,,,,,,
344,Henry Doyle,"Ewart Tasman, Chandler C.A. builder & contr",-,,Mrs F. Dunn,Mrs F. Dunn,,,,,,,"Jno J McGavin, tinsmith",,,,,,,,,,,,,,,,,,,,,,,,,,,,,,,,,,,,,,,,,,,,,,,,,,,,,,,,,,,,,,,,,,,,,,,,,,,,,,,,,,,,,,,,,,,,,,,,
345,,,,,,,,,,,,,,,,,,,,,,,,,,,,,,,,,,,,,,,,,,"Turnbull J J, Motor Engineer",,,,,,,,,,,,,,,,,,,,,,,,,,,,,,,,,,,,,,,,,,,,,,,,,,,,,,,,,,,,,,,,,,,
346,-,,Charles A Chandler. Builder,"Charles A. Chandler, Builder
Henry P. McDonough, Coach Trimmer","Max Spokone, Boxmaker
Henry P. McDonough, Coach Trimmer","Henry P. McDonough, Coach Trimmer",,Robert Donald. ,,,,,"Hankin and Thompson, Signwriters",,,,,,,,,,,,,"Perth General Dealers, Morris Samelowitz","Perth General Dealers, Morris Samelowitz","Perth General Dealers, Morris Samelowitz","Perth General Dealers, Morris Samelowitz","Perth General Dealers, Morris Samelowitz","Perth General Dealers, Morris Samelowitz","Perth General Dealers, Morris Samelowitz","Perth General Dealers, Morris Samelowitz","Perth General Dealers, Morris Samelowitz","Perth General Dealers, Morris Samelowitz","Perth General Dealers, Morris Samelowitz","Perth General Dealers, Morris Samelowitz","Perth General Dealers, Morris Samelowitz","Perth General Dealers, Morris Samelowitz","Perth General Dealers, Morris Samelowitz","Perth General Dealers, Morris Samelowitz","Perth General Dealers, Morris Samelowitz","Perth General Dealers, Morris Samelowitz","Perth General Dealers, Morris Samelowitz","Perth General Dealers, Morris Samelowitz","Perth General Dealers, Morris Samelowitz","Perth General Dealers, Morris Samelowitz","Perth General Dealers, Morris Samelowitz","Perth General Dealers, Morris Samelowitz",Perth General Dealers,Perth General Dealers,Perth General Dealers,Perth General Dealers,Perth General Dealers,Perth General Dealers,Perth General Dealers,Perth General Dealers,Perth General Dealers,Perth General Dealers,Perth General Dealers,Perth General Dealers,Perth General Dealers,"Perth General Dealers, Dora & Ephraim Topelberg","Perth General Dealers (yard), Morris Samelowitz","Perth General Dealers (yard), Morris Samelowitz",,,,,,,,,,,,,,,,,,,,,,,,,,,,,,,,,,,,,,,,,,,,
347,,,,,,,,,,,,,,,,,,,,,,,,,,,,,,,,,,,,,,,,,,"Turnbull J J, Motor Engineer",,,,,,,,,,,,,,,,,,,,,,,,,,,,,,,,,,,,,,,,,,,,,,,,,,,,,,,,,,,,,,,,,,,
348,-,,Jno Thorne. Blacksmith,"John Thorne, Blacksmith","John Thorne, Blacksmith",,,,,,,,,,,,,,,,,,,,,"Perth General Dealers (yard), Morris Samelowitz","Perth General Dealers (yard), Morris Samelowitz","Perth General Dealers (yard), Morris Samelowitz","Perth General Dealers (yard), Morris Samelowitz","Perth General Dealers (yard), Morris Samelowitz","Perth General Dealers (yard), Morris Samelowitz","Perth General Dealers (yard), Morris Samelowitz","Perth General Dealers (yard), Morris Samelowitz","Perth General Dealers (yard), Morris Samelowitz","Perth General Dealers (yard), Morris Samelowitz","Perth General Dealers (yard), Morris Samelowitz","Perth General Dealers (yard), Morris Samelowitz","Perth General Dealers (yard), Morris Samelowitz","Perth General Dealers (yard), Morris Samelowitz","Perth General Dealers (yard), Morris Samelowitz","Perth General Dealers (yard), Morris Samelowitz","Perth General Dealers (yard), Morris Samelowitz; Topelberg E second hand dealers","Perth General Dealers (yard), Morris Samelowitz","Perth General Dealers (yard), Morris Samelowitz","Perth General Dealers (yard), Morris Samelowitz","Perth General Dealers (yard), Morris Samelowitz","Perth General Dealers (yard), Morris Samelowitz","Perth General Dealers (yard), Morris Samelowitz","Perth General Dealers (yard), Morris Samelowitz","Perth General Dealers (yard), Morris Samelowitz","Perth General Dealers (yard), Morris Samelowitz","Perth General Dealers (yard), Morris Samelowitz","Perth General Dealers (yard), Morris Samelowitz","Perth General Dealers (yard), Morris Samelowitz","Perth General Dealers (yard), Morris Samelowitz","Perth General Dealers (yard), Morris Samelowitz","Perth General Dealers (yard), Morris Samelowitz","Perth General Dealers (yard), Morris Samelowitz","Perth General Dealers (yard), Morris Samelowitz","Perth General Dealers (yard), Morris Samelowitz","Perth General Dealers (yard), Morris Samelowitz","Perth General Dealers (yard), Morris Samelowitz","Perth General Dealers (yard), Morris Samelowitz","Perth General Dealers (yard), Morris Samelowitz","Perth General Dealers (yard), Morris Samelowitz",,,,,,,,,,,,,,,,,,,,,,,,,,,,,,,,,,,,,,,,,,,,
349,,,,,,,,,,,,,,,,,,,,,,,,,,,,,,,,,,,,,,,,,,Kelly & Lewis (WA) Pty Ltd Motor Engineers,,,,,,,,,,,,,,,,,,,,,,,,,,,,,,,,,,,,,,,,,,,,,,,,,,,,,,,,,,,,,,,,,,,
350,"Jas Feakes, Butcher",Feakes Jas. butcher,"Jas Feakes, Butcher","Jas Feakes, Butcher","Jas Feakes, Butcher","Jas Feakes, Butcher",,"Jas Feakes, Butcher",,,,,"Jas Feakes, Butcher",,,,,,,,,,,,,,,,,,,,,,,,,,,,,,,Ephraim Topelberg owned this,,,,,,,,,,,,,,,,,,,,,,,,,,,,,,,,,,,,,,,,,,,,,,,,,,,,,,,,,,,,,,,,,
351,,,,,,,,,,,,,,,,,,,,,,,,,,,,,,,,,,,,,,,,,,,,,,,,,,,,,,,,,,,,,,,,,,,,,,,,,,,,,,,,,,,,,,,,,,,,,,,,,,,,,,,,,,,,,
352,"Jas Feakes, Butcher",Feakes Jas. butcher,"Jas Feakes, Butcher","Jas Feakes, Butcher","Jas Feakes, Butcher","Jas Feakes, Butcher",,"Jas Feakes, Butcher",,,,,"Jas Feakes, Butcher",,,,,,,,,,,,,,,,,,,,,,,,,,Morris Samelowitz,Morris Samelowitz,"Ephraim Topelberg, 2nd Hand Furniture Dealer",Dow Pty Ltd Electrical engineers,"Ephraim Topelberg, 2nd Hand Furniture Dealer","Ephraim Topelberg, 2nd Hand Furniture Dealer","Ephraim Topelberg, 2nd Hand Furniture Dealer","Ephraim Topelberg, 2nd Hand Furniture Dealer","Ephraim Topelberg, 2nd Hand Furniture Dealer","Ephraim Topelberg, 2nd Hand Furniture Dealer","Ephraim Topelberg, 2nd Hand Furniture Dealer","Ephraim Topelberg, 2nd Hand Furniture Dealer","Ephraim Topelberg, 2nd Hand Furniture Dealer","Ephraim Topelberg, 2nd Hand Furniture Dealer","Ephraim Topelberg, 2nd Hand Furniture Dealer","Ephraim Topelberg, 2nd Hand Furniture Dealer","Ephraim Topelberg, 2nd Hand Furniture Dealer","Ephraim Topelberg, 2nd Hand Furniture Dealer","Ephraim Topelberg, 2nd Hand Furniture Dealer","Ephraim Topelberg, 2nd Hand Furniture Dealer","Ephraim Topelberg, 2nd Hand Furniture Dealer","Ephraim Topelberg, 2nd Hand Furniture Dealer","Ephraim Topelberg, 2nd Hand Furniture Dealer","Ephraim Topelberg, 2nd Hand Furniture Dealer",,,,,,,,,,,,,,,,,,,,,,,,,,,,,,,,,,,,,,,,,,,,,,,
353,,,,,,,,,,,,,,,,,,,,,,,,,,,,,,,,,,,,,,,,,,,,,,,,,,,,,,,,,,,,,,,,,,,,,,,,,,,,,,,,,,,,,,,,,,,,,,,,,,,,,,,,,,,,,
354,Stephen Son. Fruiterer & Greengrocer,,,,,"Mrs E. Anderton, Confectioner",,Miss M Gheelan. Confectioner,,,,,"Mrs R Thomas, Fruiterer & Confectioner; David W Thomas",,,,,,,,,,,,,,,,,,,,,,,,,,,,,,,,,,,,,,,,,,,,,,,,,,,,,,,,,,,,,,,,,,,,,,,,,,,,,,,,,,,,,,,,,,,,,,,,
355,,,,,,,,,,,,,,,,,,,,,,,,,,,,,,,,,,,,,,,,,,,,,,,,,,,,,,,,,,,,,,,,,,,,,,,,,,,,,,,,,,,,,,,,,,,,,,,,,,,,,,,,,,,,,
356,,,,,,"Mrs H. Gibbon, Grocer",,Mrs H Gibbon. Grocer,,,,,"Misses C & S O'Neill, Fancy Goods",,,,,,,,,,,,,,,,,,,,,,,,,,,,,"McDonald A H, store room",,,,,,,,,,,,,,,,,,,,,,,,,,,,,,,,,,,,,,,,,,,,,,,,,,,,,,,,,,,,,,,,,,,
357,,,,,,,,,,,,,,,,,,,,,,,,,,,,,,,,,,,,,,,,,,,,,,,,,,,,,,,,,,,,,,,,,,,,,,,,,,,,,,,,,,Taimac Video Corporation,,,,,,,,,,,,,,,,,,,,,,,,,,,
358,Mrs H Gibbon. Grocer,Mrs H Gibbon. Grocer,Mrs H Gibbon. Grocer,Mrs H Gibbon. Grocer,,"Mrs H. Gibbon, Grocer",,Mrs H Gibbon. Grocer,,,,,Mrs H Gibbon. Grocer,,,,,,,,,,,,,,,,,,,,,,,,,,,,,"Bishop A E, hairdresser and tob",,,,,,,,,,,,,,,,,,,,,,,,,,,,,,,,,,,,,,,,,,,,,,,,,,,,,,,,,,,,,,,,,,,
359,,,,,,,,,,,,,,,,,,,,,,,,,,,,,,,,,,,,,,,,,,,,,,,,,,,,,,,,,,,,,,,,,,,,,,,,,,,,,,,,,,Taimac Video Corporation,,,,,,,,,,,,,,,,,,,,,,,,,,,
360,,,,,,,,,,,,,,,,,,,,,,,,,,,,,,,,,,,,,,,,,,,,,,,,,,,,,,,,,,,,,,,,,,,,,,,,,,,,,,,,,,,,,,,,,,,,,,,,,,,,,,,,,,,,,
361,,,,,,,,,,,,,,,,,,,,,,,,,,,,,,,,,,,,,,,,,,,,,,,,,,,,,,,,,,,,,,,,,,,,,,,,,,,,,,,,,,Taimac Video Corporation,,,,,,,,,,,,,,,,,,,,,,,,,,,
362,P Trompp,P Trompp,Mrs Elizabeth Grant,Hamilton T. Stokesberry,,"Mrs A. Beckett, Boarding House
Hamilton T. Stokesberry",,"Walter J Bevan, Boarding House",,,,,Frederick R Flowler,,,,,,,,,,,,,,,,,,,,,,,,,,,,,,,,,,,,,,,,,,,,,,,,,,,,,,,,,,,,,,,,,,,,,,,,,,,,,,,,,,,,,,,,,,,,,,,,
363,,,,,,,,,,,,,,,,,,,,,,,,,,,,,,,,,,,,,,,,,,,,,,,,,,,,,,,,,,,,,,,,,,,,,,,,,,,,,,,,,,Taimac Video Corporation,,,,,,,,,,,,,,,,,,,,,,,,,,,
364,Jas George. Prod. Mcht,Jas George. Prod. Mcht,Jas George. Prod. Mcht,"Jas George, Product Merchant",,"James George, Product Merchant",,Jas George. Prod. Mcht,,,,,Jas J P George. Prod. Mcht,,,,,,,,,,,,,,,,,,,,,,,,,,,,,Style Clothing Co. Clothing mfr,,,,,,,,,,,,,,,,,,,,,,,,,,,,,,,,,,,,,,,,,,,,,,,,,,,,,,,,,,,,,,,,,,,
365,,,,,,,,,,,,,,,,,,,,,,,,,,,,,,,,,,,,,,,,,,,,,,,,,,,,,,,,,,,,,,,,,,,,,,,,,,,,,,,,,,Taimac Video Corporation,,,,,,,,,,,,,,,,,,,,,,,,,,,
366,Harry Keen; A. E. White,Coomer Mason,Coomer Mason,George William,,William George,,William H George,,,,,William H George,,,,,,,,,,,,,,,,,,,,,,,,,,,,,,,,,,,,,,,,,,,,,,,,,,,,,,,,,,,,,,,,,,,,,,,,,,,,,,,,,,,,,,,,,,,,,,,,
? (odd),Chinese Market Gardens,,Chinese Market Gardens,,,,,-,,,,,,,,,,,,,,,,,,,,,,,,,,,,,,,,,,,,,,,,,,,,,,,,,,,,,,,,,,,,,,,,,,,,,,,,,,Taimac Video Corporation,,,,,,,,,,,,,,,,,,,,,,,,,,,
,,,,,,,,,,,,,,,,,,,,,,,,,,,,,,,,,,,,,,,,,,,,,,,,,,,,,,,,,,,,,,,,,,,,,,,,,,,,,,,,,,,,,,,,,,,,,,,,,,,,,,,,,,,,,
367,"Hugh Nolan; Birt Walter, Carrier",,Jno P Martin,Jno P Martin,James Carney,,,Mrs M Simpson. Lodging house,,,,,Thomas Smales,,,,,,,,,,,,,,,,,,,,,,,,,,,,,,,,,,,,,,,,,,,,,,,,,,,,,,,,,,,,,,,,,,,,,H. J Mendelson & Co Giftware,,,,,,,,,,,,,,,,,,,,,,,,,,,
368,,,,,,,,,,,,,,,,,,,,,,,,,,,,,,,,,,,,,,,,,,,,,,,,,,,,,,,,,,,,,,,,,,,,,,,,,,,,,,,,,,,,,,,,,,,,,,,,,,,,,,,,,,,,,
369,,,,,,,,,,,,,,,,,,,,,,,,,,,,,,,,,,,,,,,,,,,,,,,,,,,,,,,,,,,,,,,,,,,,,,,,,,,,,,,,,,,,,,,,,The Salvation Army State Headquarters Fortress Corps,The Salvation Army State Headquarters Fortress Corps,The Salvation Army State Headquarters Fortress Corps,The Salvation Army State Headquarters Fortress Corps,The Salvation Army State Headquarters Fortress Corps,The Salvation Army State Headquarters Fortress Corps,The Salvation Army State Headquarters Fortress Corps,The Salvation Army State Headquarters Fortress Corps,The Salvation Army State Headquarters Fortress Corps,The Salvation Army State Headquarters Fortress Corps,The Salvation Army State Headquarters Fortress Corps,The Salvation Army State Headquarters Fortress Corps,The Salvation Army State Headquarters Fortress Corps,The Salvation Army State Headquarters Fortress Corps,The Salvation Army State Headquarters Fortress Corps,The Salvation Army State Headquarters Fortress Corps,The Salvation Army State Headquarters Fortress Corps,The Salvation Army State Headquarters Fortress Corps,The Salvation Army State Headquarters Fortress Corps,The Salvation Army State Headquarters Fortress Corps,
370,Jno Cartwright,,,,,"Joseph D. Shingles
Charles A. Green",,Mrs A Ward,,,,,Mrs A Ward,,,,,,,,,,,,,,,,,,,,,,,,,,,,,,,,,,,,,,,,,,,,,,,,,,,,,,,,,,,,,,,,,,,,,,,,,,,,,,,,,,,,,,,,,,,,,,,,
371,Max Silkin,,Jno Braschey,"Rubin Monochin, Dealer",John Rogers,,,Jno. A Gardner. Music Teacher,,,,,William Francis,,,,,,,,,,,,,,,,,,,,,,,,,,,,,,,,,,,,,,,,,,,,,,,,,,,,,,,,,,,,,,,,,,,,,,,,,,,,,,,,,,,,,,,,,,,,,,,,
,,,,,,,,,,,,,,,,,,,,,,,,,,,,,,,,,,,,,,,,,,,,,,,,,,,,,,,,,,,,,,,,,,,,,,,,,,,,,,,,,,,,,,,,,,,,,,,,,,,,,,,,,,,,,
372,C. E. Green,C. E. Green,C. E. Green,Mrs Findlestein,,William Steadman,,Mrs A. E Welch. Lodging House,,,,,Mrs J Griffiths,,,,,,,,,,,,,,,,,,,,,,,,,,,,,,,,,,,,,,,,,,,,,,,,,,,,,,,,,,,,,,,,,,,,,,,,,,,,,,,,,,,,,,,,,,,,,,,,
373,,,,,,,,,,,,,,,,,,,,,,,,,,,,,,,,,,,,,,,,,,,,,,,,,,,,,,,,,,,,,,,,,,,,,,,,,,,,,,,,,,,,,,,,,,,,,,,,,,,,,,,,,,,,,
374,Jno. LEnchan,Yates Herbt. E,Jas Wilson,Mrs Emma Hartnett,,George W. Lander,,George W Lander. Lodging House,,,,,Harry Smith,,,,,,,,,,,,,,,,,,,,,,,,,,,,,,,,,,,,,,,,,,,,,,,,,,,,,,,,,,,,,,,,,,,,,,,,,,,,,,,,,,,,,,,,,,,,,,,,
375,,,,,,,,-,,,,,Mrs A M Cocking,,,,,,,,,,,,,,,,,,,,,,,,,,,,,,,,,,,,,,,,,,,,,,,,,,,,,,,,,,,,,,,,,William Street Shopping Centre,,,,,,,,,,,,,,,,,,,,,,,,,,,,,,,
376,,,,,,,,,,,,,,,,,,,,,,,,,,,,,,,,,,,,,,,,,,,,,,,,,,,,,,,,,,,,,,,,,,,,,,,,,,,,,,,,,,,,,,,,,,,,,,,,,,,,,,,,,,,,,
377,Jas Inglis,,Jas Greenhalgh,James Greenhalgh,James Greenhalgh,,,,,,,,Mrs B Truscott,,,,,,,,,,,,,,,,,,,,,,,,,,,,,,,,,,,,,,,,,,,,,,,,,,,,,,,,,,,,,,,,,William Street Shopping Centre,,,,,,,,,,,,,,,,,,,,,,,,,,,,,,,
378,Mrs May Raitt,Kruger Mrs Rose,Jas Hume,John Bozic,,Henry J. Sugden,,William Beckett,,,,,Mrs N O'Leary. Lodging House,,,,,,,,,,,,,,,,,,,,,,,,,,,,,,,,,,,,,,,,,,,,,,,,,,,,,,,,,,,,,,,,,,,,,,,,,,,,,,,,,,,,,,,,,,,,,,,,
379,-,,,,,,,,,,,,,,,,,,,,,,,,,,,,,,,,,,,,,,,,,,,,,,,,,,,,,,,,,,,,,,,,,,,,,,,,,,,,,William Street Shopping Centre,,,,,,,,,,,,,,,,,,,,,,,,,,,,,,,
380,Waltern Buchanan,Kell Mrs Emily,,Mrs Rose James,,"Joshua Abrahams, Abadco & A",,James Stevenson,,,,,Patrick Ryan,,,,,,,,,,,,,,,,,,,,,,,,,,,,,,,,,,,,,,,,,,,,,,,,,,,,,,,,,,,,,,,,,,,,,,,,,,,,,,,,,,,,,,,,,,,,,,,,
381,B Roffman,,Banfield __,Charles Banfield,Charles Banfield,,,"Perth Case Fety. (W H Wilcocks, Proprietor)",,,,,"Jno. S Pryor, Hairdresser & Tobacconist",,,,,,,,,,,,,,,,,,,,,,,,,,,,,"Spanney Miss C, Second Hand Dealer",,,,,,,,,,,,,,,,,,,,,,,,,,,,,,,,,,,,William Street Shopping Centre,,,,,,,,,,,,,,,,,,,,,,,,,,,,,,,
381a,,,,,,,,"Walter H Wilcocks, Hairdresser",,,,,"William R Mackay, Engineer",,,,,,,,,,,,,,,,,,,,,,,,,,,,,,,,,,,,,,,,,,,,,,,,,,,,,,,,,,,,,,,,,William Street Shopping Centre,,,,,,,,,,,,,,,,,,,,,,,,,,,,,,,
382,-,Albert Rice,-,Mrs Agnes Maloney,,"Mrs L. Gibson, Boarding House",,Mrs E Gibson. Loarding House,,,,,Mrs Clara Johnson. Lodging House,,,,,,,,,,,,,,,,,,,,,,,,,,,,,,,,,,,,,,,,,,,,,,,,,,,,,,,,,,,,,,,,,,,,,,,,,,,,,,,,,,,,,,,,,,,,,,,,
383,George Standley. Bookseller,,George Standley. Bookseller,"Harry Cass, Underclothing Manufacturer","Hy. J. Cornock, Greengrocer ",,,William R Mackay. Engr,,,,,"Fredrick Kendall, Smallgoods",,,,,,,,,,,,,,,,,,,,,,,,,,,,,"Cassidy Mrs Alice, Mixed Business",,,,,,,,,,,,,,,,,,,,,,,,,,,,,,,,,,,,William Street Shopping Centre,,,,,,,,,,,,,,,,,,,,,,,,,,,,,,,
384,,,-,,,,,-,,,,,George Way. Herbalist,,,,,,,,,,,,,,,,,,,,,,,,,,,,,,,,,,,,,,,,,,,,,,,,,,,,,,,,,,,,,,,,,,,,,,,,,,,,,,,,,,,,,,,,,,,,,,,,
385,,,,"Mrs E Franks, Dressmaker","Mrs E Franks, Dressmaker",,,Mrs E Franks. Dressmaker,,,,,Mrs E Moran. Dressmaker,,,,,,,,,,,,,,,,,,,,,,,,,,,,,"Berryman Mrs Annie, Clothes repairer",,,,,,,,,,,,,,,,,,,,,,,,,,,,,,,,,,,,William Street Shopping Centre,,,,,,,,,,,,,,,,,,,,,,,,,,,,,,,
386,"William H Piper, Carpenter",Piper Wm. H carpenter,Arthur F Vanheurch,Mrs William Linney,,Mrs William Linney,,Mrs M A Linney,,,,,,,,,,,,,,,,,,,,,,,,,,,,,,,,,,,,,,,,,,,,,,,,,,,,,,,,,,,,,,,,,,,,,,,,,,,,,,,,,,,,,,,,,,,,,,,,,,,,,
387,"Russell & Woodcock, Plumbers",,Edmond R Miller. Tailor,William Hogan,"Mrs J. Fulcher, Dairy Producer",,,Mrs J Fulcher. Dairy Products,,,,,Mrs M C Lee. Whte Wk; Daniel Hardy,,,,,,,,,,,,,,,,,,,,,,,,,,,,,"Frankina Mrs O, Dressmaker",,,,,,,,,,,,,,,,,,,,,,,,,,,,,,,,,,,,William Street Shopping Centre,,,,,,,,,,,,,,,,,,,,,,,,,,,,,,,
388,"Sun Hun, Fruiterer & Greengrocer","Hun Sun, fruitr. & greengrocer","Sun Hun, Greengrocer","Sun Hun, Greengrocer",,"Sun Hun, Greengrocer",,J. C. Loong. Laundry,,,,,J. C. Loong. Laundry,,,,,,,,,,,,,,,,,,,,,,,,,,,,,"Hamilton G C, mix business",,,,,,,,,,,,,,,,,,,,,,,,,,,,,,,,,,,,,,,,,,,,,,,,,,,,,,,,,,,,,,,,,,,
389,Mrs J Fulcher. Confectioner,,Mrs J Fulcher. Confectioner,"Mrs J Fulcher, Confectioner","Mrs J Fulcher, Confectioner",,,Mrs A Turrell. Confectioner,,,,,Mrs A Turrell. Confectioner,,,,,,,,,,,,,,,,,,,,,,,,,,,,,"Hamilton G C, mix business; Roberts Alex Bookseller and Library",,,,,,,,,,,,,,,,,,,,,,,,,,,,,,,,,,,,William Street Shopping Centre,,,,,,,,,,,,,,,,,,,,,,,,,,,,,,,
PILLAR BOX,-,,-,,,,,PILLAR BOX,,,,,,,,,,,,,,,,,,,,,,,,,,,,,,,,,,,,,,,,,,,,,,,,,,,,,,,,,,,,,,,,,,,,,,,,,,,,,,,,,,,,,,,,,,,,,,,,,,,,,
,,,,,,,,,,,,,,,,,,,,,,,,,,,,,,,,,,,,,,,,,,,,,,,,,,,,,,,,,,,,,,,,,,,,,,,,,,,,,,,,,,,,,,,,,,,,,,,,,,,,,,,,,,,,,
,,,,,,,,,,,,,,,,,,,,,,,,,,,,,,,,,,,,,,,,,,,,,,,,,,,,,,,,,,,,,,,,,,,,,,,,,,,,,,,,,,,,,,,,,,,,,,,,,,,,,,,,,,,,,
,,,,,,,,,,,,,,,,,,,,,,,,,,,,,,,,,,,,,,,,,,,,,,,,,,,,,,,,,,,,,,,,,,,,,,,,,,,,,,,,,,,,,,,,,,,,,,,,,,,,,,,,,,,,,
390,J. C. Loong. Laundry,"Hun Sun, fruitr. & greengrocer",J. C. Loong. Laundry,"J.C. Loong, Laundry
Sun Hun, Greengrocer",,"J.C. Loong, Laundry
Sun Hun, Greengrocer",,"Sun Hun, Greengrocer",,,,,"Sun Hun, Greengrocer",,,,,,,,,,,,,,,,,,,,,,,,,,,,,"Hamilton G C, mix business",,,,,,,,,,,,,,,,,,,,,,,,,,,,,,,,,,,,,,,,,,,,,,,,,,,,,,,,,,,,,,,,,,,
391,"Alfred Meek, Bootmaker",,Mrs J Biglin. Laundry,Mrs J Biglin. Laundry,"S. Flygare, Laundry",,,Siri Flygare. Laundry,,,,,Mrs M Toogood. Laundry,,,,,,,,,,,,,,,,,,,,,,,,,,,,,,,,,,,,,,,,,,,,,,,,,,,,,,,,,,,,,,,,,William Street Shopping Centre,,,,,,,,,,,,,,,,,,,,,,,,,,,,,,,
392,Henry Jones,Ah Quand,Quand Ah,Long Sit,,Long Sit/ Sit Long,,Set Long.,,,,,Mrs M Thomson,,,,,,,,,,,,,,,,,,,,,,,,,,,,,,,,,,,,,,,,,,,,,,,,,,,,,,,,,,,,,,,,,,,,,,,,,,,,,,,,,,,,,,,,,,,,,,,,
393,Richard Barnes. Hairdresser,,Richard Barnes. Hairdresser,"Walter H. Willcocks, Hairdresser","Walter H. Willcocks, Hairdresser",,,Ambrose H Major. Butcher,,,,,Ambrose H Major. Butcher,,,,,,,,,,,,,,,,,,,,,,,,,,,,,"Scown H J, Butcher",,,,,,,,,,,,,,,,,,,,,,,,,,,,,,,,,,,,William Street Shopping Centre,,,,,,,,,,,,,,,,,,,,,,,,,,,,,,,
394,Ernest T Sara,Dagnia Thos. C. grocer,Thos. C Dagnia. Grocer,"Ernest T Sara, Grocer",,"Sara & Co. E. T. Grocers, Sara Ernst T. (S & Co.)",,"Percy, Sara & Co, Grocers",,,,,Skipper Bros Grocers.,,,,,,,,,,,,,,,,,,,,,,,,,,,,,"Bucci M & J, Mix business",,,,,,,,,,,,,,,,,,,,,,,,,,,,,,,,,,,,,,,,,,,,,,,,,,,,,,,,,,,,,,,,,,,
395,-,,-,Gilbert G. Randall,William I. Key,,,Thomas H Williams,,,,,Thomas H Williams,,,,,,,,,,,,,,,,,,,,,,,,,,,,,,,,,,,,,,,,,,,,,,,,,,,,,,,,,,,,,,,,,,,,,,,,,,,,,,,,,,,,,,,,,,,,,,,,1898
396,"Ernest T Sara, Grocer",,Thos. C Dagnia. Grocer,"Ernest T Sara, Grocer",,,,"Percy, Sara & Co, Grocers",,,,,Skipper Bros Grocers.,,,,,,,,,,,,,,,,,,,,,,,,,,,,,"Bucci M & J, Mix business",,,,,,,,,,,,,,,,,,,,,,,,,,,,,,,,,,,,,,,,,,,,,,,,,,,,,,,,,,,,,,,,,,,
397,,,Thomas A Kerr,Mrs A. M. Griffiths,John Ryan,,,Mrs E Gibson,,,,,Mrs E Gibson,,,,,,,,,,,,,,,,,,,,,,,,,,,,,,,,,,,,,,,,,,,,,,,,,,,,,,,,,,,,,,,,,,,,,,,,,,,,,,,,,,,,,,,,,,,,,,,,1898
398,,,,,,,,,,,,,,,,,,,,,,,,,,,,,,,,,,,,,,,,,,,,,,,,,,,,,,,,,,,,,,,,,,,,,,,,,,,,,,,,,,,,,,,,,,,,,,,,,,,,,,,,,,,,,
399,"Mrs A Van Huerch, nurse",,,Herbert Harman,Bertram Williams,,,Mrs C Pollett,,,,,Jno Polley,,,,,,,,,,,,,,,,,,,,,,,,,,,,,,,,,,,,,,,,,,,,,,,,,,,,,,,,,,,,,,,,,,,,,,,,,,,,,,,,,,,,,,,,,,,,,,,,
,,,,,,,,,,,,,,,,,,,,,,,,,,,,,,,,,,,,,,,,,,,,,,,,,,,,,,,,,,,,,,,,,,,,,,,,,,,,,,,,,,,,,,,,,,,,,,,,,,,,,,,,,,,,,
400,,,,,,,,,,,,,,,,,,,,,,,,,,,,,,,,,,,,,,,,,,,,,,,,,,,,,,,,,,,,,,,,,,,,,,,,,,,,,,,,,,,,,,,,,,,,,,,,,,,,,,,,,,,,,
401,,,,,,,,,,,,,,,,,,,,,,,,,,,,,,,,,,,,,,,,,,,,,,,,,,,,,,,,,,,,,,,,,,,,,,,,,,,,,,,,,,,,,,,,,,,,,,,,,,,,,,,,,,,,,
402,Mis Una Jones. Refreshment Rooms,Mis Una Jones. Refreshment Rooms,Mrs A Northoy. Confectioner,"Mrs S Musakhan, Confectioner",,"Mrs S Musakhan, Confectioner",,"Mrs S Musakhan, Confectioner",,,,,Mrs A J Dornan. News Agent,,,,,,,,,,,,,,,,,,,,,,,,,,,,,,,,,,,,,,,,,,,,,,,,,,,,,,,,,,,,,,,,,,,,,,,,,,,,,,,,,,,,,,,,,,,,,,,,
403,"R Denney, Herbalist",,Mrs E Williams. Nurse,"Mrs E. Williams, Nurse","Mrs E. Williams, Nurse",,,Mrs A G Williamson,,,,,Mrs H Wood,,,,,,,,,,,,,,,,,,,,,,,,,,,,,,,,,,,,,,,,,,,,,,,,,,,,,,,,,,,,,,,,,,,,,,,,,,,,,,,,,,,,,,,,,,,,,,,,
404,,Carruthers Geo. fancy rep,,,,"Bruno E. Menzel, Nurseryman & Florist",,"Solomon Waten, Draper",,,,,Mrs E Willson. Draper,,,,,,,,,,,,,,,,,,,,,,,,,,,,,,,,,,,,,,,,,,,,,,,,,,,,,,,,,,,,,,,,,,,,,,,,,,,,,,,,,,,,,,,,,,,,,,,,
405,Mrs Louisa Thorburn,,Patrick Hynes. Bootmaker,Mrs Louisa Thorburn,Mrs Louisa Thorburn,,,Denis Ryan,,,,,Walter Gaunt,,,,,,,,,,,,,,,,,,,,,,,,,,,,,,,,,,,,,,,,,,,,,,,,,,,,,,,,,,,,,,,,,,,,,,,,,,,,,,,,,,,,,,,,,,,,,,,,
406,Mrs E Gordon. Dressmaker,,,,,"Lipman Bloom, Fruiterer",,Isia Krasnostein. Grocer & Greengrocer,,,,,Mrs M Cooke. Fish Shop,,,,,,,,,,,,,,,,,,,,,,,,,,,,,,,,,,,,,,,,,,,,,,,,,,,,,,,,,,,,,,,,,,,,,,,,,,,,,,,,,,,,,,,,,,,,,,,,
407,David Wimbridge,,,Mrs Emma Brackenreg,"Agnes Doran, Nurse",,,Mrs B M Vowles,,,,,Mrs B M Vowles,,,,,,,,,,,,,,,,,,,,,,,,,,,,,,,,,,,,,,,,,,,,,,,,,,,,,,,,,,,,,,,,,,,,,,,,,,,,,,,,,,,,,,,,,,,,,,,,
408,,,,,,,,,,,,,,,,,,,,,,,,,,,,,,,,,,,,,,,,,,,,,,,,,,,,,,,,,,,,,,,,,,,,,,,,,,,,,,,,,,,,,,,,,,,,,,,,,,,,,,,,,,,,,
409,,,,,,,,,,,,,,,,,,,,,,,,,,,,,,,,,,,,,,,,,,,,,,,,,,,,,,,,,,,,,,,,,,,,,,,,,,,,,,,,,,,,,,,,,,,,,,,,,,,,,,,,,,,,,
410,Thomas Fulker,Mrs Potter,Mrs Mary White,Maurice Bernard,Alfred S. Locke,Arthur Wray,,Arthur Wray,,,,,Mrs Eva Wray,,,,,,,,,,,,,,,,,,,,,,,,,,,,,,,,,,,,,,,,,,,,,,,,,,,,,,,,,,,,,,,,,,,,,,,,,,,,,,,,,,,,,,,,,,,,,,,,
411,-,,-,Mrs Mary McCormick,,,,Railton Street. Bootmaker,,,,,James Coats,,,,,,,,,,,,,,,,,,,,,,,,,,,,,"Somas M, Mix Business",,,,,,,,,,,,,,,,,,,,,,,,,,,,,,,,,,,,,,,,,,,,,,,,,,,,,,,,,,,,,,,,,,,
412,,,,,,,,,,,,,,,,,,,,,,,,,,,,,,,,,,,,,,,,,,,,,,,,,,,,,,,,,,,,,,,,,,,,,,,,,,,,,,,,,,,,,,,,,,,,,,,,,,,,,,,,,,,,,
413,Allen Dick. Fruiterer,,,"Francis Cunningham, Fruiterer","Mrs S. Rowe, Fruiterer",,,"Miss M Maclean, Confectioner",,,,,"Mrs N Smythe, Small Goods",,,,,,,,,,,,,,,,,,,,,,,,,,,,,"Somas M, Mix Business",,,,,,,,,,,,,,,,,,,,,,,,,,,,,,,,,,,,,,,,,,,,,,,,,,,,,,,,,,,,,,,,,,,
414,Chas. H Dorney,Dorney C,Chas. H Dorney,Chas. H Dorney,,Charles H. Dorney,,Chas. H Dorney,,,,,David Calvin,,,,,,,,,,,,,,,,,,,,,,,,,,,,,,,,,,,,,,,,,,,,,,,,,,,,,,,,,,,,,,,,,,,,,,,,,,,,,,,,,,,,,,,,,,,,,,,,
415,Bernhardt Santinover. Picture Frame Maker,,Bernhardt Santinover. Picture Frame Maker,"Bernhardt Santinover, Picture Frame Maker","Bernhardt Santinover, Picture Frame Maker",,,Bernhardt Santinover. Picture Frame Maker,,,,,Bernhardt Santinover. Picture Frame Maker,,,,,,,,,,,,,,,,,,,,,,,,,,,,,"Smith R E, French Polisher",,,,,,,,,,,,,,,,,,,,,,,,,,,,,,,,,,,,,,,,,,,,,,,,,,,,,,,,,,,,,,,,,,,
416,,,,,,,,,,,,,,,,,,,,,,,,,,,,,,,,,,,,,,,,,,,,,,,,,,,,,,,,,,,,,,,,,,,,,,,,,,,,,,,,,,,,,,,,,,,,,,,,,,,,,,,,,,,,Lido,
417,,,,,,,,,,,,,,,,,,,,,,,,,,,,,,,,,,,,,,,,,,,,,,,,,,,,,,,,,,,,,,,,,,,,,,,,,,,,,,,,,,,,,,,,,,,,,,,,,,,,,,,,,,,,,
418,E. T. Wade,Thompson A  K,Edward Potter,Sydney Simmons,,"Sydney Simmons, Horse Dealer",,Mrs R Hoffman,,,,,Michael Pascoe,,,,,,,,,,,,,,,,,,,,,,,,,,,,,,,,,,,,,,,,,,,,,,,,,,,,,,,,,,,,,,,,,,,,,,,,,,,,,,,,,,,,,,,,,,,,,,,,
419,Mrs Eliza Taylor,,Isaac Gunzburg,Isaac Gunzburg (G. Bros),Isaac Gunzburg (G. Bros),,,Mrs H White,,,,,Matthew Knight,,,,,,,,,,,,,,,,,,,,,,,,,,,,,,,,,,,,,,,,,,,,,,,,,,,,,,,,,,,,,,,,,,,,,,,,,,,,,,,,,,,,,,,,,,,,,,,,
420,Mrs H Hill,Hill Mrs H,Mrs E Lambert,,,Mrs S. Reynolds,,Sydney Simmons. Horse Dealer,,,,,Mrs Charlotte Simmons,,,,,,,,,,,,,,,,,,,,,,,,,,,,,,,,,,,,,,,,,,,,,,,,,,,,,,,,,,,,,,,,,,,,,,,,,,,,,,,,,,,,,,,,,,,,,,,,
420a,-,,Ernest Stranch,Mrs. Annie Grossman,,,,,,,,,,,,,,,,,,,,,,,,,,,,,,,,,,,,,,,,,,,,,,,,,,,,,,,,,,,,,,,,,,,,,,,,,,,,,,,,,,,,,,,,,,,,,,,,,,,,,,,,,
421,-,,Cecil D Baker,Cecil D. Baker,"Cecil D. Baker, Painter",,,"Cecil D Baker, Painter",,,,,Hy Walton,,,,,,,,,,,,,,,,,,,,,,,,,,,,,,,,,,,,,,,,,,,,,,,,,,,,,,,,,,,,,,,,,,,,,,,,,,,,,,,,,,,,,,,,,,,,,,,,
422,,,,,,,,,,,,,,,,,,,,,,,,,,,,,,,,,,,,,,,,,,,,,,,,,,,,,,,,,,,,,,,,,,,,,,,,,,,,,,,,,,,,,,,,,,,,,,,,,,,,,,,,,,,,,
423,Henry B. Abbott. Contractor,,Henry B. Abbott. Contractor,"Henry B. Abbott, Contractor","Henry B. Abbott, Contractor",Owen Olliff,,Henry B. Abbott. Contractor,,,,,,,,,,,,,,,,,,,,,,,,,,,,,,,,,,,,,,,,,,,,,,,,,,,,,,,,,,,,,,,,,,,,,,,,,,,,,,,,,,,,,,,,,,,,,,,,,,,,,
424,Alfred E French,French Alfd. E,Joseph Barclay,Joseph Barclay,,,,Sydney J Armstrong,,,,,Mrs E Holliday,,,,,,,,,,,,,,,,,,,,,,,,,,,,,,,,,,,,,,,,,,,,,,,,,,,,,,,,,,,,,,,,,,,,,,,,,,,,,,,,,,,,,,,,,,,,,,,,
425,,,Solomon Miller. Grocer,"Solomon Miller, Grocer","Solomon Miller, Grocer",,,Miss B Barry. Storekeeper,,,,,"Edwin Sara, Grocer",,,,,,,,,,,,,,,,,,,,,,,,,,,,,"Belestis Lou, Grocer",,,,,,,,,,,,,,,,,,,,,,,,,,,,,,,,,,,,,,,Kong's Oriental Supermarket,Kong's Oriental Supermarket,,,,,,,,,,,,,,,,,,,,,,,,,,,
426,William Sherrard,Betts Robt,Edward George,William Buxton,,Morris Hoffmann,,Morris Hoffmann,,,,,Joseph Herman,,,,,,,,,,,,,,,,,,,,,,,,,,,,,,,,,,,,,,,,,,,,,,,,,,,,,,,,,,,,,,,,,,,,,,,,,,,,,,,,,,,,,,,,,,,,,,,,
427,,,,,,,,,,,,,,,,,,,,,,,,,,,,,,,,,,,,,,,,,,,,,,,,,,,,,,,,,,,,,,,,,,,,,,,,,,,,,,,,,,,,,,,,,,,,,,,,,,,,,,,,,,,,,1906
427-429,Mohammedan Mosque,Mohammedan Mosque,Mohammedan Mosque (Ayar Mohamed),Mohammedan Mosque,Mohammedan Mosque (Ayar Mahomed),,,Mohammedan Mosque (Ayar Mohamed),,,,,Mohammedan Mosque (Ayar Mohamed),,,,,,,,,,,,,,,,,,,,,,,,,,,,,,,,,,,,,,,,,,,,,,,,,,,,,,,,,,,,,,,,,,,,,,,,,,,,,,,,,,,,,,,,,,,,,,,Perth Mosque,
,,,,,,,,,,,,,,,,,,,,,,,,,,,,,,,,,,,,,,,,,,,,,,,,,,,,,,,,,,,,,,,,,,,,,,,,,,,,,,,,,,,,,,,,,,,,,,,,,,,,,,,,,,,,,
,,,,,,,,,,,,,,,,,,,,,,,,,,,,,,,,,,,,,,,,,,,,,,,,,,,,,,,,,,,,,,,,,,,,,,,,,,,,,,,,,,,,,,,,,,,,,,,,,,,,,,,,,,,,,
,,,,,,,,,,,,,,,,,,,,,,,,,,,,,,,,,,,,,,,,,,,,,,,,,,,,,,,,,,,,,,,,,,,,,,,,,,,,,,,,,,,,,,,,,,,,,,,,,,,,,,,,,,,,,
,,,,,,,,,,,,,,,,,,,,,,,,,,,,,,,,,,,,,,,,,,,,,,,,,,,,,,,,,,,,,,,,,,,,,,,,,,,,,,,,,,,,,,,,,,,,,,,,,,,,,,,,,,,,,
,,,,,,,,,,,,,,,,,,,,,,,,,,,,,,,,,,,,,,,,,,,,,,,,,,,,,,,,,,,,,,,,,,,,,,,,,,,,,,,,,,,,,,,,,,,,,,,,,,,,,,,,,,,,,
428,Maurice Ferstat. Store,Ferstat M. storekeper,Maurice Ferstat. Store,Maurice Ferstat. Store,,"A. C. James, Wine Shop",,"J. H Davies, Wine Shop",,,,,"L Lawson, Wine Saloon",,,,,,,,,,,,,,,,,,,,,,,,,,,,,"Aftons Soft Furnishings, Furnishings drapery retailers",,,,,,,,,,,,,,,,,,,,,,,,,,,,,,,,,,,,,,,,,,,,,,,,,,,,,,,,,,,,,,,,,,,
,,,,,,,,,,,,,,,,,,,,,,,,,,,,,,,,,,,,,,,,,,,,,,,,,,,,,,,,,,,,,,,,,,,,,,,,,,,,,,,,,,,,,,,,,,,,,,,,,,,,,,,,,,,,,
,,,,,,,,,,,,,,,,,,,,,,,,,,,,,,,,,,,,,,,,,,,,,,,,,,,,,,,,,,,,,,,,,,,,,,,,,,,,,,,,,,,,,,,,,,,,,,,,,,,,,,,,,,,,,
429,,,,,,,,,,,,,,,,,,,,,,,,,,,,,,,,,,,,,,,,,,,,,,,,,,,,,,,,,,,,,,,,,,,,,,,,,,,,,,,,,,,,,,,,,,,,,,,,,,,,,,,,,,,,,1906
430,Jos. Abramovich. Fancy Rep,Jos. Abramovich. Fancy Rep,Jos. Abramovich. Fancy Rep,Jos. Abramovich. Fancy Rep,,"M. Rosenblum, Fruiterer",,M Rosenblum. Fruiterer & Grocer,,,,,C H Fielder. Grocer,,,,,,,,,,,,,,,,,,,,,,,,,,,,,"City Towel Supply Co., laundry",,,,,,,,,,,,,,,,,,,,,,,,,,,,,,,,,,,,,,,,,,,,,,,,,,,,,,,,,,,,,,,,,,,
431,,,,,,,,,,,,,,,,,,,,,,,,,,,,,,,,,,,,,,,,,,,,,,,,,,,,,,,,,,,,,,,,,,,,,,,,,,,,,,,,,,,,,,,,,,,,,,,,,,,,,,,,,,,,,
432,U Ostrovski. Bootmaker,Jno McGavin. Tinsmith,Jno McGavin. Tinsmith,Jno McGavin. Tinsmith,,"Mandel Brown, Bootmaker",,Mandel Brown. Bootmaker,,,,,Mandel Brown. Bootmaker,,,,,,,,,,,,,,,,,,,,,,,,,,,,,,,,,,,,,,,,,,,,,,,,,,,,,,,,,,,,,,,,,,,,,,,,,,,,,,,,,,,,,,,,,,,,,,,,
433,Mrs Annie Lambert,,Mrs C J Stodart,Mrs C. J. Stodart,Mrs C. J. Stodart,,,Mrs C J Stodart,,,,,Mrs C J Stodart,,,,,,,,,,,,,,,,,,,,,,,,,,,,,,,,,,,,,,,,,,,,,,,,,,,,,,,,,,,,,,,,,,,,,,,,,,,,,,,,,,,,,,,,,,,,,,,,
434,,,,Dunn Bros. Horsedealers,,Dunn Bros. Horsedealers,,Dunn Bros. Horse Dealers ,,,,,,,,,,,,,,,,,,,,,,,,,,,,,,,,,,"Globe furniture Co., store room; Rear: Alpha Products, cardboard box mfr; Ava Confections, confrs mfg",,,,,,,,,,,,,,,,,,,,,,,,,,,,,,,,,,,,,,,,,,,,,,,,,,,,,,,,,,,,,,,,,,,
434A,,,,,,,,,,,,,,,,,,,,,,,,,,,,,,,,,,,,,,,,,,,,,,,,,,,,,,,,,,,,,,,,,,,,,,,,,,,,,,,,,,,,,,,,,,,,,,,,,,,,,,,,,,,,Dough Pizza,
435,,,,,,,,,,,,,,,,,,,,,,,,,,,,,,,,,,,,,,,,,,,,,,,,,,,,,,,,,,,,,,,,,,,,,,,,,,,,,,,,,,,,,,,,,,,,,,,,,,,,,,,,,,,,,
436,,,,,,,,,,,,,,,,,,,,,,,,,,,,,,,,,,,,,,,,,,,,,,,,,,,,,,,,,,,,,,,,,,,,,,,,,,,,,,,,,,,,,,,,,,,,,,,,,,,,,,,,,,,,,
437,Mrs Amelia Franke,,Mrs Amelia Franke,Mrs Amelia Franke,Mrs Amelia Franke,,,Edward A Sims,,,,,Frederick G Nicolla,,,,,,,,,,,,,,,,,,,,,,,,,,,,,,,,,,,,,,,,,,,,,,,,,,,,,,,,,,,,,,,,,,,,,,,,,,,,,,,,,,,,,,,,,,,,,,,,
438,,,,,,,,,,,,,,,,,,,,,,,,,,,,,,,,,,,,,,,,,,,,,,,,,,,,,,,,,,,,,,,,,,,,,,,,,,,,,,,,,,,,,,,,,,,,,,,,,,,,,,,,,,,,,
439,,,,,,,,,,,,,,,,,,,,,,,,,,,,,,,,,,,,,,,,,,,,,,,,,,,,,,,,,,,,,,,,,,,,,,,,,,,,,,,,,,,,,,,,,,,,,,,,,,,,,,,,,,,,,
440,Patrick Roddey,Herrod Mrs Helen,William Schwieger. Carrier,William Schwieger. Carrier,,William Schwieger. Carrier,,Mrs A Moloney,,,,,Mrs N Kennedy,,,,,,,,,,,,,,,,,,,,,,,,,,,,,,,,,,,,,,,,,,,,,,,,,,,,,,,,,,,,,,,,,,,,,,,,,,,,,,,,,,,,,,,,,,,,,,,,
441,Ernest Evans,,Fred. W Dickens. Brush Manufacturer,"Fred. W Dickens, Brush Manufacturer","Fred. W Dickens, Brush Manufacturer",,,Jno. F Fahey. Lodging House,,,,,Mrs J Sells,,,,,,,,,,,,,,,,,,,,,,,,,,,,,,,,,,,,,,,,,,,,,,,,,,,,,,,,,,,,,,,,,,,,,,,,,,,,,,,,,,,,,,,,,,,,,,,,
442,,,,,,,,,,,,,,,,,,,,,,,,,,,,,,,,,,,,,,,,,,,,,,,,,,,,,,,,,,,,,,,,,,,,,,,,,,,,,,,,,,,,,,,,,,,,,,,,,,,,,,,,,,,,,
443,,,,,,,,,,,,,,,,,,,,,,,,,,,,,,,,,,,,,,,,,,,,,,,,,,,,,,,,,,,,,,,,,,,,,,,,,,,,,,,,,,,,,,,,,,,,,,,,,,,,,,,,,,,,,
444,Samuel Montgomery,Samuel Montgomery,Samuel Montgomery,Samuel Montgomery,,Samuel Montgomery,,Samuel Montgomery,,,,,Samuel Montgomery,,,,,,,,,,,,,,,,,,,,,,,,,,,,,,,,,,,,,,,,,,,,,,,,,,,,,,,,,,,,,,,,,,,,,,,,,,,,,,,,,,,,,,,,,,,,,,,,
445,Mrs Mary Dewar,,Mrs Mary Dewar,Mrs Mary Dewar,Mrs Mary Dewar,,,Mrs Mary Dewar,,,,,Edwin S Chamberlain,,,,,,,,,,,,,,,,,,,,,,,,,,,,,,,,,,,,,,,,,,,,,,,,,,,,,,,,,,,,,,,,,,,,,,,,,,,,,,,,,,,,,,,,,,,,,,,,
446,,,,,,,,,,,,,,,,,,,,,,,,,,,,,,,,,,,,,,,,,,,,,,,,,,,,,,,,,,,,,,,,,,,,,,,,,,,,,,,,,,,,,,,,,,,,,,,,,,,,,,,,,,,,,
447,Miss Louisa Thomas,,William Casey,William Casey,James Rynor,,,-,,,,,Hy Bowley,,,,,,,,,,,,,,,,,,,,,,,,,,,,,,,,,,,,,,,,,,,,,,,,,,,,,,,,,,,,,,,,,,,,,,,,,,,,,,,,,,,,,,,,,,,,,,,,
448,,,,,,,,,,,,,,,,,,,,,,,,,,,,,,,,,,,,,,,,,,,,,,,,,,,,,,,,,,,,,,,,,,,,,,,,,,,,,,,,,,,,,,,,,,,,,,,,,,,,,,,,,,,,,
449,Fred Holmann,,-,Mrs Mary Wood,Mrs Mary Wood,,,George F Kingman,,,,,Edward Ward,,,,,,,,,,,,,,,,,,,,,,,,,,,,,,,,,,,,,,,,,,,,,,,,,,,,,,,,,,,,,,,,,,,,,,,,,,,,,,,,,,,,,,,,,,,,,,,,
450,-,,-,,,,,Jack Pope. Hairdresser & Tobacconist,,,,,-,,,,,,,,,,,,,,,,,,,,,,,,,,,,,,,,,,,,,,,,,,,,,,,,,,,,,,,,,,,,,,,,,,,,,,,,,,,,,,,,,,,,,,,,,,,,,,,,
451,Mrs Mary Dunstan,,Alex T Walker,Mrs Francis Lewis,Mrs Francis Lewis,,,D Mylvanas,,,,,Ernest R Curling,,,,,,,,,,,,,,,,,,,,,,,,,,,,,,,,,,,,,,,,,,,,,,,,,,,,,,,,,,,,,,,,,,,,,,,,,,,,,,,,,,,,,,,,,,,,,,,,
452,-,,-,,,,,Mrs J L Pitt. Draper,,,,,Miss D Horn. Drapery And Hardware,,,,,,,,,,"Wright, G C, uphlstr",,,,,,,,,,,,,,,,,,,,,,,,,,,,,,,,,,,,,,,,,,,,,,,,,,,,,,,,,,,,,,,,,,,,,,,,,,,,,,,,,,,,,William Topp,1914
453,"Miss Barbara White, Costumiere",,Ernest A Spencer,Mrs Ettie Devine,,,,-,,,,,Bert Mantova,,,,,,,,,,,,,,,,,,,,,,,,,,,,,,,,,,,,,,,,,,,,,,,,,,,,,,,,,,,,,,,,,,,,,,,,,,,,,,,,,,,,,,,,,,,,,,,,
454,-,,-,,,,,Champion Boot & Shoe manufacturing Co (Sam Lechovsky manager),,,,,H Camruddin. Store,,,,,,,,,,"Wright, G C, uphlstr",,,,,,,,,,,,,,,,,,,,,,,,,,,,,,,,,,,,,,,,,,,,,,,,,,,,,,,,,,,,,,,,,,,,,,,,,,,,,,,,,,THESE DAYS,,,Daphne Cafe,1914
455,-,,-,William Macey,Mrs Dora Wilson,,,Jno W Hughes,,,,,Stanley E W Matthews,,,,,,,,,,,,,,,,,,,,,,,,,,,,,,,,,,,,,,,,,,,,,,,,,,,,,,,,,,,,,,,,,,,,,,,,,,,,,,,,,,,,,,,,,,,,,,,,
456,-,,-,,,,,"Joshua Loong Choong, Fruiterer",,,,,"M Segal, Bootmaker",,,,,,,,,,Vacant,,,,,,,,,,,,,,,,,,,"Campbell Reg, bicycle dealer",,,,,,,,,,,,,,,,,,,,,,,,,,,,,,,,,,,,,,,,,,,,,,,,,,,,,,,,,,,,,,,,,,Westons Barber Shop,1914
457,Harry Barber,,Jas Curtin,,,,,,,,,,Mrs A Norman,,,,,,,,,,,,,,,,,,,,,,,,,,,,,,,,,,,,,,,,,,,,,,,,,,,,,,,,,,,,,,,,,,,,,,,,,,,,,,,,,,,,,,,,,,,,,,,6/ Okay VIetnamese Restaurant,
458,-,,-,,,,,"Lance & Co, chemist, proprietor F. W. Chegwidden",,,,,J C Manson. Fruiterer,,,,,,,,,,"Riseley, Victor, G C, newsagent and State Savings Bank agency",,,,,,,,,,,,,,,,,,,"Knights Nukleen Serv, drycleaners and dryers; Westphal M A, watchmaker",,,,,,,,,,,,,,,,,,,,,,,,,,,,,,,,,,,,,,,,,,,,,,,,,,,,,,,,,,,,,,Scraps,,,,Beau Est Mien,1914
459,F. A Provost. Chemist,,Mrs F Taylor. Ham & Beef shop,"Alfred Kemp, Ham & Beef Shop","Alfred Kemp, Ham & Beef Shop",,,"Alfred Kemp, Hairdresser & Tobacconist; Mrs E Kemp, Confectioner.",,,,,"Miss E B Anderson, Storekeeper; Savings Bank Agency, (Miss E B Anderson Agent)",,,,,,,,,,,,,,,,,,,,,,,,,,,,,"Curran M R, Boot Repairer",,,,,,,,,,,,,,,,,,,,,,,,,,,,,,,,,,,,,,,,,,,,,,,Dreamland Karaoke & Restaurant,Dreamland Karaoke & Restaurant,Dreamland Karaoke & Restaurant,Dreamland Karaoke & Restaurant,Dreamland Karaoke & Restaurant,Dreamland Karaoke & Restaurant,Dreamland Karaoke & Restaurant,Dreamland Karaoke & Restaurant,Dreamland Karaoke & Restaurant,Dreamland Karaoke & Restaurant,Dreamland Karaoke & Restaurant,,,,,,,,,,
